ID,底本/出典,史料名,記述内容,記述場所,場所（町、寺名、場所データ）,年月日（作成）,年月日（作成）2,年月日（被害）,年月日（被害）3,伝聞・体験,被害種別,緯度経度,X,Y,座標レベル,座標に関する備考,備考
1,[古代・中世]地震・噴火史料データベース,言経卿記,一、地動ニ相損所々、先私宅ユカミ了、庭上ニ出テ夜ヲ明了、當町ニハ川郡卩宗兵衛、大野伊兵衛等家顛倒了、其外大破ニ及了、,京都・本願寺寺内町,京都・本願寺寺内町,1596/9/5,文禄5/閏7/13,1596/9/4,文禄5/閏7/12,体験,建物被害,"34.989233,135.753061",135.753061,34.989233,3,,史料レベル：A
2,[古代・中世]地震・噴火史料データベース,言経卿記,一、寺内ニハ門跡御堂、興門御堂等顛倒了、兩所ニテ人二三人死去了、其外寺内家大略崩了、死人三百人ニ相及了、全キ家一《間》｛（軒）｝モ無之、,京都・本願寺寺内町,京都・本願寺,1596/9/5,文禄5/閏7/13,1596/9/4,文禄5/閏7/12,伝聞,建物被害,"34.991758,135.750975",135.750975,34.991758,3,,史料レベル：A
3,[古代・中世]地震・噴火史料データベース,言経卿記,一、寺内ニハ門跡御堂、興門御堂等顛倒了、兩所ニテ人二三人死去了、其外寺内家大略崩了、死人三百人ニ相及了、全キ家一《間》｛（軒）｝モ無之、,京都・本願寺寺内町,京都・本願寺,1596/9/5,文禄5/閏7/13,1596/9/4,文禄5/閏7/12,伝聞,人的被害,"34.991758,135.750975",135.750975,34.991758,3,,史料レベル：A
4,[古代・中世]地震・噴火史料データベース,言経卿記,一、上京ハ少損了、下京ハ四條町事外相損了、以上《二》｛（三カ）｝百八十餘人死也云々、,京都・本願寺寺内町,上京,1596/9/5,文禄5/閏7/13,1596/9/4,文禄5/閏7/12,伝聞,建物被害,"35.029627,135.756651",135.756651,35.029627,2,便宜的に上京区役所に置く,史料レベル：A
5,[古代・中世]地震・噴火史料データベース,言経卿記,一、上京ハ少損了、下京ハ四條町事外相損了、以上《二》｛（三カ）｝百八十餘人死也云々、,京都・本願寺寺内町,下京・四條町,1596/9/5,文禄5/閏7/13,1596/9/4,文禄5/閏7/12,伝聞,建物被害,"35.003023,135.756694",135.756694,35.003023,3,,史料レベル：A
6,[古代・中世]地震・噴火史料データベース,言経卿記,一、上京ハ少損了、下京ハ四條町事外相損了、以上《二》｛（三カ）｝百八十餘人死也云々、,京都・本願寺寺内町,上京・下京,1596/9/5,文禄5/閏7/13,1596/9/4,文禄5/閏7/12,伝聞,人的被害,"35.011633,135.767970",135.76797,35.011633,2,便宜的に京都市役所に置く,史料レベル：A
7,[古代・中世]地震・噴火史料データベース,言経卿記,一、上京ハ少損了、下京ハ四條町事外相損了、以上《二》｛（三カ）｝百八十餘人死也云々、東之寺共瓦フキハ崩了、,京都・本願寺寺内町,東側に位置する寺々の意味か,1596/9/5,文禄5/閏7/13,1596/9/4,文禄5/閏7/12,伝聞,建物被害,"34.997062,135.776070",135.77607,34.997062,2,便宜的に東山区役所に置く,史料レベル：A
8,[古代・中世]地震・噴火史料データベース,言経卿記,一、禁中ハ少々相損也云々、,京都・本願寺寺内町,内裏,1596/9/5,文禄5/閏7/13,1596/9/4,文禄5/閏7/12,伝聞,建物被害,"35.022967, 135.759180",135.75918,35.022967,3,,史料レベル：A
9,[古代・中世]地震・噴火史料データベース,言経卿記,一、伏見御城ハテンシユ崩了、,京都・本願寺寺内町,伏見城,1596/9/5,文禄5/閏7/13,1596/9/4,文禄5/閏7/12,伝聞,建物被害,"34.931403,135.772782",135.772782,34.931403,3,,史料レベル：A
10,[古代・中世]地震・噴火史料データベース,言経卿記,大名衆家共事外崩了、江戸内府ニハ、ナカクラ崩了、加々爪隼人佑死去了、雜人ハ十餘人相果了、同中納言殿ニハ、侍共ハケカトモ有之、死者無之、但雜人ハ六七十人死也云々、其外町々衆家崩之間、死人千ニアマリ了、,京都・本願寺寺内町,伏見城下,1596/9/5,文禄5/閏7/13,1596/9/4,文禄5/閏7/12,伝聞,人的被害,"34.937553,135.769515",135.769515,34.937553,3,,史料レベル：A
11,[古代・中世]地震・噴火史料データベース,言経卿記,大名衆家共事外崩了、江戸内府ニハ、ナカクラ崩了、加々爪隼人佑死去了、雜人ハ十餘人相果了、同中納言殿ニハ、侍共ハケカトモ有之、死者無之、但雜人ハ六七十人死也云々、其外町々衆家崩之間、死人千ニアマリ了、,京都・本願寺寺内町,伏見城下,1596/9/5,文禄5/閏7/13,1596/9/4,文禄5/閏7/12,伝聞,建物被害,"34.937553,135.769515",135.769515,34.937553,3,,史料レベル：A
12,[古代・中世]地震・噴火史料データベース,言経卿記,一、東寺ハ塔、鎭守八幡社、大師堂、此外七ツ崩了、但坊々不苦也云々、,京都・本願寺寺内町,東寺,1596/9/5,文禄5/閏7/13,1596/9/4,文禄5/閏7/12,伝聞,建物被害,"34.983315,135.746126",135.746126,34.983315,3,,史料レベル：A
13,[古代・中世]地震・噴火史料データベース,言経卿記,一、大佛ハ堂ハ不苦、但柱ヲ二寸程土ヘ入了、御佛ハ御胸ヨリ下少々損了、樓門ハ戌亥方ヘ柱ユカミ了、,京都・本願寺寺内町,東山大仏殿,1596/9/5,文禄5/閏7/13,1596/9/4,文禄5/閏7/12,伝聞,建物被害,"34.991455,135.773013",135.773013,34.991455,3,,史料レベル：A
14,[古代・中世]地震・噴火史料データベース,言経卿記,一、三十三《間》｛（堂脱カ）｝ハ少ユカミ了、,京都・本願寺寺内町,三十三間堂,1596/9/5,文禄5/閏7/13,1596/9/4,文禄5/閏7/12,伝聞,建物被害,"34.987851,135.768743",135.768743,34.987851,3,,史料レベル：A
15,[古代・中世]地震・噴火史料データベース,言経卿記,一、東福寺ハ本堂年來東ヘユカミ了、此度地動ニ西ヘ相直也云々、奇特了、伽藍トモ不苦了、但常楽寺相損也云々、,京都・本願寺寺内町,東福寺,1596/9/5,文禄5/閏7/13,1596/9/4,文禄5/閏7/12,伝聞,建物被害,"34.976498,135.774702",135.774702,34.976498,3,,史料レベル：A
16,[古代・中世]地震・噴火史料データベース,言経卿記,一、山崎、事外相損、家悉崩了、死人不知數了、,京都・本願寺寺内町,東山山崎町ヵ,1596/9/5,文禄5/閏7/13,1596/9/4,文禄5/閏7/12,伝聞,建物被害,"34.996509,135.771908",135.771908,34.996509,3,,史料レベル：A
17,[古代・中世]地震・噴火史料データベース,言経卿記,一、山崎、事外相損、家悉崩了、死人不知數了、,京都・本願寺寺内町,東山山崎町ヵ,1596/9/5,文禄5/閏7/13,1596/9/4,文禄5/閏7/12,伝聞,人的被害,"34.996509,135.771908",135.771908,34.996509,3,,史料レベル：A
18,[古代・中世]地震・噴火史料データベース,言経卿記,一、八幡在所、是又悉家崩了、,京都・本願寺寺内町,八幡市ヵ,1596/9/5,文禄5/閏7/13,1596/9/4,文禄5/閏7/12,伝聞,建物被害,"34.876212,135.706547",135.706547,34.876212,3,,史料レベル：A
19,[古代・中世]地震・噴火史料データベース,言経卿記,一、兵庫在所崩了、折節火事出來候、悉焼了、死人不知數了、,京都・本願寺寺内町,兵庫,1596/9/5,文禄5/閏7/13,1596/9/4,文禄5/閏7/12,伝聞,建物被害,"34.680644,135.165385",135.165385,34.680644,2,便宜的に兵庫区役所に置く,史料レベル：A
20,[古代・中世]地震・噴火史料データベース,言経卿記,一、兵庫在所崩了、折節火事出來候、悉焼了、死人不知數了、,京都・本願寺寺内町,兵庫,1596/9/5,文禄5/閏7/13,1596/9/4,文禄5/閏7/12,伝聞,火事,"34.680644,135.165385",135.165385,34.680644,2,便宜的に兵庫区役所に置く,史料レベル：A
21,[古代・中世]地震・噴火史料データベース,言経卿記,一、兵庫在所崩了、折節火事出來候、悉焼了、死人不知數了、,京都・本願寺寺内町,兵庫,1596/9/5,文禄5/閏7/13,1596/9/4,文禄5/閏7/12,伝聞,人的被害,"34.680644,135.165385",135.165385,34.680644,2,便宜的に兵庫区役所に置く,史料レベル：A
22,[古代・中世]地震・噴火史料データベース,言経卿記,一、近江國ヨリ關東ハ、地動無之云々、,京都・本願寺寺内町,近江国～関東,1596/9/5,文禄5/閏7/13,1596/9/4,文禄5/閏7/12,伝聞,,,,,0,,史料レベル：A
23,[古代・中世]地震・噴火史料データベース,言経卿記,一、アタコ坊、坊六有之、悉顛倒了、少々小座敷相殘了、權現相殘了、少々人相損了、,京都・本願寺寺内町,愛宕山ヵ,1596/9/5,文禄5/閏7/13,1596/9/4,文禄5/閏7/12,伝聞,建物被害,"35.059996,135.634228",135.634228,35.059996,3,,史料レベル：A
24,[古代・中世]地震・噴火史料データベース,言経卿記,一、アタコ坊、坊六有之、悉顛倒了、少々小座敷相殘了、權現相殘了、少々人相損了、,京都・本願寺寺内町,愛宕山ヵ,1596/9/5,文禄5/閏7/13,1596/9/4,文禄5/閏7/12,伝聞,人的被害,"35.059996,135.634228",135.634228,35.059996,3,,史料レベル：A
25,[古代・中世]地震・噴火史料データベース,言経卿記,一、和泉堺、事外相損、死人餘多有之,京都・本願寺寺内町,和泉・堺,1596/9/5,文禄5/閏7/13,1596/9/4,文禄5/閏7/12,伝聞,建物被害,"34.573263,135.482744",135.482744,34.573263,2,便宜的に堺市役所に置く,史料レベル：A
26,[古代・中世]地震・噴火史料データベース,言経卿記,一、和泉堺、事外相損、死人餘多有之,京都・本願寺寺内町,和泉・堺,1596/9/5,文禄5/閏7/13,1596/9/4,文禄5/閏7/12,伝聞,人的被害,"34.573263,135.482744",135.482744,34.573263,2,便宜的に堺市役所に置く,史料レベル：A
27,[古代・中世]地震・噴火史料データベース,言経卿記,一、大坂ニハ御城不苦了、町屋共大略崩了、死人不知數了、,京都・本願寺寺内町,大坂,1596/9/5,文禄5/閏7/13,1596/9/4,文禄5/閏7/12,伝聞,建物被害,"34.686299,135.525852",135.525852,34.686299,2,便宜的に大阪城に置く,史料レベル：A
28,[古代・中世]地震・噴火史料データベース,言経卿記,一、大坂ニハ御城不苦了、町屋共大略崩了、死人不知數了、,京都・本願寺寺内町,大坂,1596/9/5,文禄5/閏7/13,1596/9/4,文禄5/閏7/12,伝聞,人的被害,"34.686299,135.525852",135.525852,34.686299,2,便宜的に大阪城に置く,史料レベル：A
29,[古代・中世]地震・噴火史料データベース,言経卿記,十二日夜大地動ニ家顛倒ニ付而死去也云々、,京都・本願寺寺内町,堺,1596/9/8,文禄5/閏7/16,1596/9/4,文禄5/閏7/12,伝聞,人的被害,"34.573263,135.482744",135.482744,34.573263,2,便宜的に堺市役所に置く,史料レベル：A
30,[古代・中世]地震・噴火史料データベース,義演准后日記,禁中御車寄其廊顛倒、,京都,内裏,1596/9/5,文禄5/閏7/13,1596/9/4,文禄5/閏7/12,伝聞,建物被害,"35.022967, 135.759180",135.75918,35.022967,3,,史料レベル：A
31,[古代・中世]地震・噴火史料データベース,義演准后日記,京都在家顛倒、死人不知其數、,京都,京都,1596/9/5,文禄5/閏7/13,1596/9/4,文禄5/閏7/12,伝聞,建物被害,"35.011633,135.767970",135.76797,35.011633,2,便宜的に京都市役所に置く,史料レベル：A
32,[古代・中世]地震・噴火史料データベース,義演准后日記,京都在家顛倒、死人不知其數、,京都,京都,1596/9/5,文禄5/閏7/13,1596/9/4,文禄5/閏7/12,伝聞,人的被害,"35.011633,135.767970",135.76797,35.011633,2,便宜的に京都市役所に置く,史料レベル：A
33,[古代・中世]地震・噴火史料データベース,義演准后日記,東寺事、食堂、同中門、講堂、灌頂院、南大門、北八足門、東小門、鐘樓、此分顛倒、塔婆、鎭守八幡宮、御影堂、同四足門、同唐門、灌頂院ノ門二宇、慶賀門、寳藏并不開門、穀屋之内少々相殘、此分無為、不顛倒、其外四方ノ筑地悉崩、但少々相殘所モ在之、,京都,東寺,1596/9/5,文禄5/閏7/13,1596/9/4,文禄5/閏7/12,伝聞,建物被害,"34.983315,135.746126",135.746126,34.983315,3,,史料レベル：A
34,[古代・中世]地震・噴火史料データベース,義演准后日記,塔事、去文祿二年、檀主大政所、(秀吉公 | 母公、)興山上人奉行、出來了、（中略）今度數字顛倒、塔婆一基相殘、高運之至、准大師御納受、無疑々々、東北角礎三寸ハカリニエ入、雖然塔無為、四方之石壇之石少々倒、,京都,東寺,1596/9/5,文禄5/閏7/13,1596/9/4,文禄5/閏7/12,伝聞,建物被害,"34.983315,135.746126",135.746126,34.983315,3,,史料レベル：A
35,[古代・中世]地震・噴火史料データベース,義演准后日記,御影堂事、北方ヘユカミ了、西院ノ南軒、檜皮少々損、棟木一所損、其外無為、御供所ユカミ了、雖然無為、築地崩、四足并唐門無為、,京都,東寺,1596/9/5,文禄5/閏7/13,1596/9/4,文禄5/閏7/12,伝聞,建物被害,"34.983315,135.746126",135.746126,34.983315,3,,史料レベル：A
36,[古代・中世]地震・噴火史料データベース,義演准后日記,隨心院門跡事、近年當寺北八足門ノ西方ニ建立之、今度悉顛倒、,京都,随心院,1596/9/5,文禄5/閏7/13,1596/9/4,文禄5/閏7/12,伝聞,建物被害,"34.959369, 135.815998",135.815998,34.959369,3,,史料レベル：A
37,[古代・中世]地震・噴火史料データベース,義演准后日記,觀智院堂(瓦葺、 | )同臺所顛倒、凡相果了、,京都,観智院（東寺塔頭）,1596/9/5,文禄5/閏7/13,1596/9/4,文禄5/閏7/12,伝聞,建物被害,"34.982821,135.747929",135.747929,34.982821,3,,史料レベル：A
38,[古代・中世]地震・噴火史料データベース,義演准后日記,寳嚴院藏堂以下顛倒、,京都,宝厳院,1596/9/5,文禄5/閏7/13,1596/9/4,文禄5/閏7/12,伝聞,建物被害,,,,ｘ,,史料レベル：A
39,[古代・中世]地震・噴火史料データベース,義演准后日記,寳泉院(瓦葺 | )顛倒、,京都,宝泉院,1596/9/5,文禄5/閏7/13,1596/9/4,文禄5/閏7/12,伝聞,建物被害,,,,ｘ,,史料レベル：A
40,[古代・中世]地震・噴火史料データベース,義演准后日記,寳〓（菩提）院臺所顛倒、其外坊々大破、或顛倒、,京都,宝菩提院（東寺塔頭）,1596/9/5,文禄5/閏7/13,1596/9/4,文禄5/閏7/12,伝聞,建物被害,"34.982738,135.747564",135.747564,34.982738,3,,史料レベル：A
41,[古代・中世]地震・噴火史料データベース,義演准后日記,大佛事、堂無為、奇妙々々、本尊大破、左御手崩落了、御胸崩、其外所々響在之、後光聊モ不損、中門無為、但四方角柱少々サクル、其外無異儀、三方之築地悉崩、或顛倒、,京都,大仏殿,1596/9/5,文禄5/閏7/13,1596/9/4,文禄5/閏7/12,伝聞,建物被害,"34.991455,135.773013",135.773013,34.991455,3,,史料レベル：A
42,[古代・中世]地震・噴火史料データベース,義演准后日記,妙法院門跡、廊顛倒、照高院臺所少々損、,京都,妙法院,1596/9/5,文禄5/閏7/13,1596/9/4,文禄5/閏7/12,伝聞,建物被害,"34.990982,135.775973",135.775973,34.990982,3,,史料レベル：A
43,[古代・中世]地震・噴火史料データベース,義演准后日記,伏見事、御城、御門、殿以下大破、或顛倒、大殿守悉崩テ倒了、,京都,伏見城,1596/9/5,文禄5/閏7/13,1596/9/4,文禄5/閏7/12,伝聞,建物被害,"34.931403,135.772782",135.772782,34.931403,3,,史料レベル：A
44,[古代・中世]地震・噴火史料データベース,義演准后日記,男女御番衆數多死、未知其數、,京都,伏見城,1596/9/5,文禄5/閏7/13,1596/9/4,文禄5/閏7/12,伝聞,人的被害,"34.931403,135.772782",135.772782,34.931403,3,,史料レベル：A
45,[古代・中世]地震・噴火史料データベース,義演准后日記,其外諸大名ノ屋形、或顛倒、或雖相殘形計也、,京都,伏見城下,1596/9/5,文禄5/閏7/13,1596/9/4,文禄5/閏7/12,伝聞,建物被害,"34.937553,135.769515",135.769515,34.937553,3,,史料レベル：A
46,[古代・中世]地震・噴火史料データベース,義演准后日記,大山モ崩、大路モ破裂ス、非只事、,京都,伏見,1596/9/5,文禄5/閏7/13,1596/9/4,文禄5/閏7/12,伝聞,地変,"34.936230,135.761447",135.761447,34.93623,2,便宜的に伏見区役所に置く,史料レベル：A
47,[古代・中世]地震・噴火史料データベース,義演准后日記,大地裂テ落入了,京都,伏見,1596/9/6,文禄5/閏7/14,1596/9/6,文禄5/閏7/14,体験,地変,"34.936230,135.761447",135.761447,34.93623,2,便宜的に伏見区役所に置く,史料レベル：A
48,[古代・中世]地震・噴火史料データベース,義演准后日記,傳聞、（中略）唐人堺津ニ逗留、大略地震ニ死去云々、實説歟、追而可記之、,京都,堺,1596/9/6,文禄5/閏7/14,1596/9/6,文禄5/閏7/14,伝聞,人的被害,"34.573263,135.482744",135.482744,34.573263,2,便宜的に堺市役所に置く,史料レベル：A
49,[古代・中世]地震・噴火史料データベース,義演准后日記,今度來朝唐人モ、下人少々地震ニ死云々、,京都,,1596/9/7,文禄5/閏7/15,1596/9/7,文禄5/閏7/15,伝聞,人的被害,,,,ｘ,,史料レベル：A
50,[古代・中世]地震・噴火史料データベース,義演准后日記,今度當寺諸伽藍顛倒、不慮之為體見及、,京都,東寺ヵ,1596/9/9,文禄5/閏7/17,1596/9/4,文禄5/閏7/12,伝聞,建物被害,"34.983315,135.746126",135.746126,34.983315,3,,史料レベル：A
51,[古代・中世]地震・噴火史料データベース,義演准后日記,各坊舍大破、,京都,東寺,1596/9/9,文禄5/閏7/17,1596/9/4,文禄5/閏7/12,伝聞,建物被害,"34.983315,135.746126",135.746126,34.983315,3,,史料レベル：A
52,[古代・中世]地震・噴火史料データベース,義演准后日記,晦日、霽、地震動搖、東寺伽藍顛倒、,京都,東寺,1596/10/3,文禄5/8/12,1596/9/4,文禄5/閏7/12,伝聞,建物被害,"34.983315,135.746126",135.746126,34.983315,3,,史料レベル：A
53,[古代・中世]地震・噴火史料データベース,義演准后日記,從東寺伽藍顛倒ニ付,京都,東寺,1596/11/17,文禄5/9/27,1596/9/4,文禄5/閏7/12,伝聞,建物被害,"34.983315,135.746126",135.746126,34.983315,3,,史料レベル：A
54,[古代・中世]地震・噴火史料データベース,義演准后日記,就東寺諸伽藍顛倒之儀,京都,東寺,1596/11/26,文禄5/10/7,1596/9/4,文禄5/閏7/12,伝聞,建物被害,"34.983315,135.746126",135.746126,34.983315,3,,史料レベル：A
55,[古代・中世]地震・噴火史料データベース,舜旧記,子刻動テ數萬人死、,京都,京都,1596/9/4,文禄5/閏7/12,1596/9/4,文禄5/閏7/12,,人的被害,"35.011633,135.767970",135.76797,35.011633,2,便宜的に京都市役所に置く,史料レベル：A
56,[古代・中世]地震・噴火史料データベース,舜旧記,京中寺々所々崩倒之,京都,京都,1596/9/4,文禄5/閏7/12,1596/9/4,文禄5/閏7/12,,建物被害,"35.011633,135.767970",135.76797,35.011633,2,便宜的に京都市役所に置く,史料レベル：A
57,[古代・中世]地震・噴火史料データベース,舜旧記,第一伏見城町巳下顛倒了,京都,伏見城下,1596/9/4,文禄5/閏7/12,1596/9/4,文禄5/閏7/12,伝聞,建物被害,"34.937553,135.769515",135.769515,34.937553,3,,史料レベル：A
58,[古代・中世]地震・噴火史料データベース,舜旧記,大佛築地本尊裂破了,京都,大仏殿,1596/9/4,文禄5/閏7/12,1596/9/4,文禄5/閏7/12,伝聞,建物被害,"34.991455,135.773013",135.773013,34.991455,3,,史料レベル：A
59,[古代・中世]地震・噴火史料データベース,舜旧記,北野經堂・東寺金堂巳下倒云々,京都,北野天満宮,1596/9/4,文禄5/閏7/12,1596/9/4,文禄5/閏7/12,伝聞,建物被害,"35.031079,135.735113",135.735113,35.031079,3,,史料レベル：A
60,[古代・中世]地震・噴火史料データベース,舜旧記,北野經堂・東寺金堂巳下倒云々,京都,東寺,1596/9/4,文禄5/閏7/12,1596/9/4,文禄5/閏7/12,伝聞,建物被害,"34.983315,135.746126",135.746126,34.983315,3,,史料レベル：A
61,[古代・中世]地震・噴火史料データベース,孝亮宿禰日次記,御殿所々顛倒,京都,内裏,1596/9/4,文禄5/閏7/12,1596/9/4,文禄5/閏7/12,伝聞,建物被害,"35.022967, 135.759180",135.75918,35.022967,3,,史料レベル：A
62,[古代・中世]地震・噴火史料データベース,孝亮宿禰日次記,北野經堂、壬生地藏堂、其外民屋方々令顛倒、,京都,北野天満宮,1596/9/4,文禄5/閏7/12,1596/9/4,文禄5/閏7/12,伝聞,建物被害,"35.031079,135.735113",135.735113,35.031079,3,,史料レベル：A
63,[古代・中世]地震・噴火史料データベース,孝亮宿禰日次記,北野經堂、壬生地藏堂、其外民屋方々令顛倒、,京都,壬生寺,1596/9/4,文禄5/閏7/12,1596/9/4,文禄5/閏7/12,伝聞,建物被害,"35.001389,135.743482",135.743482,35.001389,3,,史料レベル：A
64,[古代・中世]地震・噴火史料データベース,孝亮宿禰日次記,其外民屋方々令顛倒、或死人等多云々,京都,京都,1596/9/4,文禄5/閏7/12,1596/9/4,文禄5/閏7/12,伝聞,建物被害,"35.011633,135.767970",135.76797,35.011633,2,便宜的に京都市役所に置く,史料レベル：A
65,[古代・中世]地震・噴火史料データベース,孝亮宿禰日次記,其外民屋方々令顛倒、或死人等多云々,京都,京都,1596/9/4,文禄5/閏7/12,1596/9/4,文禄5/閏7/12,伝聞,人的被害,"35.011633,135.767970",135.76797,35.011633,2,便宜的に京都市役所に置く,史料レベル：A
66,[古代・中世]地震・噴火史料データベース,孝亮宿禰日次記,伏見二丸之女房三百人餘、依地震失命云々、,京都,伏見城,1596/9/4,文禄5/閏7/12,1596/9/4,文禄5/閏7/12,伝聞,人的被害,"34.931403,135.772782",135.772782,34.931403,3,,史料レベル：A
67,[古代・中世]地震・噴火史料データベース,孝亮宿禰日次記,十六日地震、伏見武家衆家共多顛倒云々、,京都,伏見城下,1596/9/10,文禄5/閏7/18,1596/9/8,文禄5/閏7/16,伝聞,建物被害,"34.937553,135.769515",135.769515,34.937553,3,,史料レベル：A
68,[古代・中世]地震・噴火史料データベース,島津家文書,御屋形はかりにゆりくつし□人なともれき□□いやくの者《□》｛（ニカ）｝いたるまて数を知すしゝたると申まいらせ候、,京都,伏見城,1596/9/15,文禄5/閏7/29,,,伝聞,人的被害,"34.931403,135.772782",135.772782,34.931403,3,,史料レベル：A
69,[古代・中世]地震・噴火史料データベース,島津家文書,□□御屋形の事ハ御屋作少そん□まいらせ候,京都,伏見城,1596/9/15,文禄5/閏7/29,,,伝聞,建物被害,"34.931403,135.772782",135.772782,34.931403,3,,史料レベル：A
70,[古代・中世]地震・噴火史料データベース,十六・七世紀イエズス会日本報告集第Ｉ期,その荘重さと多彩なことで一同の目を集中させていた千畳敷のあの広壮ですばらしい宮殿を最初に倒壊してしまった。,不明,伏見城,―,―,1596/9/4,文禄5/閏7/12,伝聞,建物被害,"34.931403,135.772782",135.772782,34.931403,3,,史料レベル：A
71,[古代・中世]地震・噴火史料データベース,十六・七世紀イエズス会日本報告集第Ｉ期,《天守》｛テンシュ｝（閤）と呼ばれる七層から成るすべての中でもっとも高い宮殿の城郭（propugnaculum）は倒壊しなかったが、,不明,伏見城,―,―,1596/9/4,文禄5/閏7/12,伝聞,建物被害なし,"34.931403,135.772782",135.772782,34.931403,3,,史料レベル：A
72,[古代・中世]地震・噴火史料データベース,十六・七世紀イエズス会日本報告集第Ｉ期,この櫓全体が、巨大で非常に高い門、およびそれらの（塔と門の）棟の突出した穂先とともに土台から倒壊した。,不明,伏見城,―,―,1596/9/4,文禄5/閏7/12,伝聞,建物被害,"34.931403,135.772782",135.772782,34.931403,3,,史料レベル：A
73,[古代・中世]地震・噴火史料データベース,十六・七世紀イエズス会日本報告集第Ｉ期,城郭の近くにあったヨーロッパの貯蔵庫に似たすべての納屋も倒壊したが、,不明,伏見城下,―,―,1596/9/4,文禄5/閏7/12,伝聞,建物被害,"34.937553,135.769515",135.769515,34.937553,3,,史料レベル：A
74,[古代・中世]地震・噴火史料データベース,十六・七世紀イエズス会日本報告集第Ｉ期,すべてを金箔でめぐらした居間を有するあの塔は、半時してから全部倒壊した。,不明,伏見城,―,―,1596/9/4,文禄5/閏7/12,伝聞,建物被害,"34.931403,135.772782",135.772782,34.931403,3,,史料レベル：A
75,[古代・中世]地震・噴火史料データベース,十六・七世紀イエズス会日本報告集第Ｉ期,大坂の《市》｛まち｝では屋根瓦で覆われた家々やその他の諸建築物の大部分が、とりわけ川沿いで倒壊し、,不明,大坂,―,―,1596/9/4,文禄5/閏7/12,伝聞,建物被害,"34.693815,135.502442",135.502442,34.693815,2,便宜的に大阪市役所に置く,史料レベル：A
76,[古代・中世]地震・噴火史料データベース,十六・七世紀イエズス会日本報告集第Ｉ期,噂によると六百人以上が倒壊によって押し潰された,不明,大坂,―,―,1596/9/4,文禄5/閏7/12,伝聞,人的被害,"34.693815,135.502442",135.502442,34.693815,2,便宜的に大阪市役所に置く,史料レベル：A
77,[古代・中世]地震・噴火史料データベース,十六・七世紀イエズス会日本報告集第Ｉ期,多くの地方では大地の割れが起こったが亀裂はそう深くはなかった。,不明,,―,―,1596/9/4,文禄5/閏7/12,伝聞,地変,,,,ｘ,,史料レベル：A
78,[古代・中世]地震・噴火史料データベース,十六・七世紀イエズス会日本報告集第Ｉ期,太閤やその他の多数の殿たちの高貴で大きな諸々の建物、仏僧たちの諸寺院、川沿いにいた市民たちの（建物）の大部分がまったく崩壊してしまった。,不明,京都,―,―,1596/9/4,文禄5/閏7/12,伝聞,建物被害,"35.011633,135.767970",135.76797,35.011633,2,便宜的に京都市役所に置く,史料レベル：A
79,[古代・中世]地震・噴火史料データベース,十六・七世紀イエズス会日本報告集第Ｉ期,多くの人々は広場で眠っていたが、他の人々は自分たちの家でも戸口を開け放ったまま眠っていた。なぜなら（地震）はゆっくりでひどい衝撃を伴ってはいなかったが、その振動は何日間も継続したからである。,不明,京都,―,―,1596/9/4,文禄5/閏7/12,伝聞,余震,"35.011633,135.767970",135.76797,35.011633,2,便宜的に京都市役所に置く,史料レベル：A
80,[古代・中世]地震・噴火史料データベース,十六・七世紀イエズス会日本報告集第Ｉ期,この都の市内で三百人の人命が失われ、そのほかに六条という南部の境界地では二百人が死亡したとのことである。,不明,京都,―,―,1596/9/5,文禄5/閏7/13,伝聞,人的被害,"35.011633,135.767970",135.76797,35.011633,2,便宜的に京都市役所に置く,史料レベル：A
81,[古代・中世]地震・噴火史料データベース,十六・七世紀イエズス会日本報告集第Ｉ期,我らの諸司祭館付近では、たまたま屋根瓦を葺いた厨房で一人の婦人が下敷きとなって死亡し、また彼女の夫が重傷となった以外に損害はなかった。,不明,京都,―,―,1596/9/5,文禄5/閏7/13,伝聞,人的被害,"35.011633,135.767970",135.76797,35.011633,2,便宜的に京都市役所に置く,史料レベル：A
82,[古代・中世]地震・噴火史料データベース,十六・七世紀イエズス会日本報告集第Ｉ期,フランシスコ会修道院に隣接していた貧困者たちのために設けられた治療院の半分が倒壊して十名の患者が死亡した。,不明,京都,―,―,1596/9/5,文禄5/閏7/13,伝聞,建物被害,"35.011633,135.767970",135.76797,35.011633,2,便宜的に京都市役所に置く,史料レベル：A
83,[古代・中世]地震・噴火史料データベース,十六・七世紀イエズス会日本報告集第Ｉ期,フランシスコ会修道院に隣接していた貧困者たちのために設けられた治療院の半分が倒壊して十名の患者が死亡した。,不明,京都,―,―,1596/9/5,文禄5/閏7/13,伝聞,人的被害,"35.011633,135.767970",135.76797,35.011633,2,便宜的に京都市役所に置く,史料レベル：A
84,[古代・中世]地震・噴火史料データベース,十六・七世紀イエズス会日本報告集第Ｉ期,寺町（Toramadie）と言われる或る場所では、十五ないし二十の寺院と諸僧房が倒壊して多数の人々が圧死した。,不明,伏見・寺町ヵ,―,―,1596/9/5,文禄5/閏7/13,伝聞,建物被害,"34.936230,135.761447",135.761447,34.93623,2,便宜的に伏見区役所に置く,史料レベル：A
85,[古代・中世]地震・噴火史料データベース,十六・七世紀イエズス会日本報告集第Ｉ期,寺町（Toramadie）と言われる或る場所では、十五ないし二十の寺院と諸僧房が倒壊して多数の人々が圧死した。,不明,伏見・寺町ヵ,―,―,1596/9/5,文禄5/閏7/13,伝聞,人的被害,"34.936230,135.761447",135.761447,34.93623,2,便宜的に伏見区役所に置く,史料レベル：A
86,[古代・中世]地震・噴火史料データベース,十六・七世紀イエズス会日本報告集第Ｉ期,内裏の宮殿の前にあるQuitanotonfinでは二十畳敷の巨大な寺院が倒壊したが、,不明,内裏近辺,―,―,1596/9/5,文禄5/閏7/13,伝聞,建物被害,"35.022967, 135.759180",135.75918,35.022967,3,,史料レベル：A
87,[古代・中世]地震・噴火史料データベース,十六・七世紀イエズス会日本報告集第Ｉ期,そこに宿泊していた八十名のうち、わずか二名だけが難を免れたが、その二名は二、三日前にそこを退去していたからであった。,不明,内裏近辺,―,―,1596/9/5,文禄5/閏7/13,伝聞,人的被害,"35.022967, 135.759180",135.75918,35.022967,3,,史料レベル：A
88,[古代・中世]地震・噴火史料データベース,十六・七世紀イエズス会日本報告集第Ｉ期,大坂の一仏僧の寺院も付近の多数の屋敷とともに倒壊し、またその地方の家屋の半数が倒壊した。,不明,大坂,―,―,1596/9/5,文禄5/閏7/13,伝聞,建物被害,"34.693815,135.502442",135.502442,34.693815,2,便宜的に大阪市役所に置く,史料レベル：A
89,[古代・中世]地震・噴火史料データベース,十六・七世紀イエズス会日本報告集第Ｉ期,都の市街の入口にある最大の寺院である東寺のすべての寺院も同様に倒壊した。,不明,東寺,―,―,1596/9/5,文禄5/閏7/13,伝聞,建物被害,"34.983315,135.746126",135.746126,34.983315,3,,史料レベル：A
90,[古代・中世]地震・噴火史料データベース,十六・七世紀イエズス会日本報告集第Ｉ期,同様に周囲をぬぐらしていた（その寺院の）大きな厚い壁も倒壊したが、,不明,東寺,―,―,1596/9/5,文禄5/閏7/13,伝聞,建物被害,"34.983315,135.746126",135.746126,34.983315,3,,史料レベル：A
91,[古代・中世]地震・噴火史料データベース,十六・七世紀イエズス会日本報告集第Ｉ期,《本堂》｛ホンドウ｝と呼ばれている非常に高く聳えた塔をもった、すべての中で最大の寺院一つだけが、倒壊から免れた。,不明,東寺,―,―,1596/9/5,文禄5/閏7/13,伝聞,建物被害なし,"34.983315,135.746126",135.746126,34.983315,3,,史料レベル：A
92,[古代・中世]地震・噴火史料データベース,十六・七世紀イエズス会日本報告集第Ｉ期,新しい《大仏》｛ダイブツ｝のほとんどすべての壁が、途方もなく巨大な石とともに倒壊し、四隅にある柱はその礎石といっしょに一パルモ半以上沈下した。,不明,東寺,―,―,1596/9/5,文禄5/閏7/13,伝聞,建物被害,"34.983315,135.746126",135.746126,34.983315,3,,史料レベル：A
93,[古代・中世]地震・噴火史料データベース,十六・七世紀イエズス会日本報告集第Ｉ期,太閤が都の近くに造営させて、最近完成した大仏（殿）の機構自体が、身体と手の部分を粉々にして倒壊し、,不明,東山大仏殿,―,―,1596/9/5,文禄5/閏7/13,伝聞,建物被害,"34.991455,135.773013",135.773013,34.991455,3,,史料レベル：A
94,[古代・中世]地震・噴火史料データベース,十六・七世紀イエズス会日本報告集第Ｉ期,また非常に精巧に仕上げられた壁も大仏（殿）の主要な門といっしょに倒壊した。,不明,東山大仏殿,―,―,1596/9/5,文禄5/閏7/13,伝聞,建物被害,"34.991455,135.773013",135.773013,34.991455,3,,史料レベル：A
95,[古代・中世]地震・噴火史料データベース,十六・七世紀イエズス会日本報告集第Ｉ期,三十三間（堂）と言われる巨大な寺院では六百体が倒壊し、互いにぶつかり合って頭部や腕や脚部が非常な破砕音を発して壊れた,不明,三十三間堂,―,―,1596/9/5,文禄5/閏7/13,伝聞,建物被害,"34.987851,135.768743",135.768743,34.987851,3,,史料レベル：A
96,[古代・中世]地震・噴火史料データベース,十六・七世紀イエズス会日本報告集第Ｉ期,《市》｛まち｝の他の種々の場所でも、幾つかの大寺院が倒壊した。,不明,,―,―,1596/9/5,文禄5/閏7/13,伝聞,建物被害,,,,ｘ,,史料レベル：A
97,[古代・中世]地震・噴火史料データベース,十六・七世紀イエズス会日本報告集第Ｉ期,（織田）信長の甥パウロ（秀則）にとっては厨房一戸だけが倒壊し、三、四人が死亡した。,不明,,―,―,1596/9/5,文禄5/閏7/13,伝聞,建物被害,,,,ｘ,,史料レベル：A
98,[古代・中世]地震・噴火史料データベース,十六・七世紀イエズス会日本報告集第Ｉ期,（織田）信長の甥パウロ（秀則）にとっては厨房一戸だけが倒壊し、三、四人が死亡した。,不明,,―,―,1596/9/5,文禄5/閏7/13,伝聞,人的被害,,,,ｘ,,史料レベル：A
99,[古代・中世]地震・噴火史料データベース,十六・七世紀イエズス会日本報告集第Ｉ期,同様に地震は、日本国でもっとも参詣される富裕な《悪魔》｛サタン｝であり、非常に高いところにある愛宕・太郎坊（*Atango taronbo）の七寺院を倒壊させた。,不明,愛宕山・太郎坊,―,―,1596/9/5,文禄5/閏7/13,伝聞,建物被害,"35.059996,135.634228",135.634228,35.059996,3,,史料レベル：A
100,[古代・中世]地震・噴火史料データベース,十六・七世紀イエズス会日本報告集第Ｉ期,太閤自身の非常に広大な居間までが倒壊し、噂によれば、（地震は）そこの七十名の侍女や高貴さで有名な幾人かの婦人たちを押し潰した,不明,伏見城,―,―,―,―,伝聞,建物被害,"34.931403,135.772782",135.772782,34.931403,3,,史料レベル：A
101,[古代・中世]地震・噴火史料データベース,十六・七世紀イエズス会日本報告集第Ｉ期,太閤自身の非常に広大な居間までが倒壊し、噂によれば、（地震は）そこの七十名の侍女や高貴さで有名な幾人かの婦人たちを押し潰した,不明,伏見城,―,―,―,―,伝聞,人的被害,"34.931403,135.772782",135.772782,34.931403,3,,史料レベル：A
102,[古代・中世]地震・噴火史料データベース,十六・七世紀イエズス会日本報告集第Ｉ期,（徳川）家康の邸宅の大部分がその間に倒壊し、多くの人々が死んだが、,不明,伏見城下（家康邸）,―,―,―,―,伝聞,建物被害,"34.937553,135.769515",135.769515,34.937553,3,,史料レベル：A
103,[古代・中世]地震・噴火史料データベース,十六・七世紀イエズス会日本報告集第Ｉ期,（徳川）家康の邸宅の大部分がその間に倒壊し、多くの人々が死んだが、,不明,伏見城下（家康邸）,―,―,―,―,伝聞,人的被害,"34.937553,135.769515",135.769515,34.937553,3,,史料レベル：A
104,[古代・中世]地震・噴火史料データベース,十六・七世紀イエズス会日本報告集第Ｉ期,伊達（政宗）の邸宅は、百名の人々と厩舎にいた非常に立派な二十頭の馬とともにすべてが倒壊した。,不明,伏見城下,―,―,―,―,伝聞,建物被害,"34.937553,135.769515",135.769515,34.937553,3,,史料レベル：A
105,[古代・中世]地震・噴火史料データベース,十六・七世紀イエズス会日本報告集第Ｉ期,伊達（政宗）の邸宅は、百名の人々と厩舎にいた非常に立派な二十頭の馬とともにすべてが倒壊した。,不明,伏見城下,―,―,―,―,伝聞,人的被害,"34.937553,135.769515",135.769515,34.937553,3,,史料レベル：A
106,[古代・中世]地震・噴火史料データベース,十六・七世紀イエズス会日本報告集第Ｉ期,（前田）玄以法印の諸屋敷も倒壊した。,不明,伏見城下,―,―,―,―,伝聞,建物被害,"34.937553,135.769515",135.769515,34.937553,3,,史料レベル：A
107,[古代・中世]地震・噴火史料データベース,十六・七世紀イエズス会日本報告集第Ｉ期,最近伏見に建築された仏僧たちの伽藍も倒壊した,不明,伏見,―,―,―,―,伝聞,建物被害,"34.936230,135.761447",135.761447,34.93623,2,便宜的に伏見区役所に置く,史料レベル：A
108,[古代・中世]地震・噴火史料データベース,十六・七世紀イエズス会日本報告集第Ｉ期,また屋根瓦で覆ったすべての家々も同様であった。,不明,伏見,―,―,―,―,伝聞,建物被害,"34.936230,135.761447",135.761447,34.93623,2,便宜的に伏見区役所に置く,史料レベル：A
109,[古代・中世]地震・噴火史料データベース,十六・七世紀イエズス会日本報告集第Ｉ期,人の言うところによれば、伏見では二千人が行方不明になった。,不明,伏見,―,―,―,―,伝聞,人的被害？,"34.936230,135.761447",135.761447,34.93623,2,便宜的に伏見区役所に置く,史料レベル：A
110,[古代・中世]地震・噴火史料データベース,十六・七世紀イエズス会日本報告集第Ｉ期,都に近い丹波の国において、とりわけその辺境の諸地方においてはもっともひどい崩壊が起こった。これに対して内陸地では非常に少なかった。,不明,丹波,―,―,―,―,伝聞,建物被害？,"35.013408,135.573574",135.573574,35.013408,1,便宜的に亀岡市役所に置く,史料レベル：A
111,[古代・中世]地震・噴火史料データベース,十六・七世紀イエズス会日本報告集第Ｉ期,人の噂によれば、この（亀山の）城郭の崩壊では、わずか二名の婦人が死亡したに過ぎなかった。,不明,亀山城,―,―,―,―,伝聞,建物被害,"35.012676,135.583267",135.583267,35.012676,3,,史料レベル：A
112,[古代・中世]地震・噴火史料データベース,十六・七世紀イエズス会日本報告集第Ｉ期,人の噂によれば、この（亀山の）城郭の崩壊では、わずか二名の婦人が死亡したに過ぎなかった。,不明,亀山城,―,―,―,―,伝聞,人的被害,"35.012676,135.583267",135.583267,35.012676,3,,史料レベル：A
113,[古代・中世]地震・噴火史料データベース,十六・七世紀イエズス会日本報告集第Ｉ期,千軒の家々が建っていた付近のすべての田畑は非常に荒廃し、わずか八軒の家が残り多数の死者がでた。,不明,亀山城付近,―,―,―,―,伝聞,人的被害,"35.012676,135.583267",135.583267,35.012676,3,,史料レベル：A
114,[古代・中世]地震・噴火史料データベース,十六・七世紀イエズス会日本報告集第Ｉ期,《山崎》｛ヤマザキ｝は（中略）百軒の戸数がある大きな村落である。そのすべての中でわずかに九ないし十軒が残り、百名以上の住民が死亡した。,不明,大山崎,―,―,―,―,伝聞,建物被害,"34.897053,135.678284",135.678284,34.897053,3,,史料レベル：A
115,[古代・中世]地震・噴火史料データベース,十六・七世紀イエズス会日本報告集第Ｉ期,《山崎》｛ヤマザキ｝は（中略）百軒の戸数がある大きな村落である。そのすべての中でわずかに九ないし十軒が残り、百名以上の住民が死亡した。,不明,大山崎,―,―,―,―,伝聞,人的被害,"34.897053,135.678284",135.678284,34.897053,3,,史料レベル：A
116,[古代・中世]地震・噴火史料データベース,十六・七世紀イエズス会日本報告集第Ｉ期,村から遠く隔たった高台にあった仏僧や隠遁者たちの諸寺院は、すべてが倒壊し、また仏像も空しく倒壊した。,不明,大山崎（宝積寺・離宮八幡宮周辺ヵ）,―,―,―,―,伝聞,建物被害,"34.897053,135.678284",135.678284,34.897053,3,,史料レベル：A
117,[古代・中世]地震・噴火史料データベース,十六・七世紀イエズス会日本報告集第Ｉ期,多数の寺院や僧房があった。しかしそれらすべてが倒壊し、そして家々の惨事によって二百五十人以上が下敷きになった。,不明,大山崎（宝積寺・離宮八幡宮周辺ヵ）,―,―,―,―,伝聞,建物被害,"34.897053,135.678284",135.678284,34.897053,3,,史料レベル：A
118,[古代・中世]地震・噴火史料データベース,十六・七世紀イエズス会日本報告集第Ｉ期,多数の寺院や僧房があった。しかしそれらすべてが倒壊し、そして家々の惨事によって二百五十人以上が下敷きになった。,不明,大山崎（宝積寺・離宮八幡宮周辺ヵ）,―,―,―,―,伝聞,人的被害,"34.897053,135.678284",135.678284,34.897053,3,,史料レベル：A
119,[古代・中世]地震・噴火史料データベース,十六・七世紀イエズス会日本報告集第Ｉ期,（摂）津の国には祭壇に十字架を据えた教会が建てられ、それに因んで「聖十字架教会」と名付けられた。この教会も倒壊したが、十字架は以前のように不動のまま祭壇に残っていた。,不明,摂津・聖十字架教会,―,―,―,―,伝聞,建物被害,"34.777081,135.562191",135.562191,34.777081,2,便宜的に摂津市役所に置く,史料レベル：A
120,[古代・中世]地震・噴火史料データベース,十六・七世紀イエズス会日本報告集第Ｉ期,《尼崎》｛アマガサキ｝の《市》｛マチ｝は無視できない。そこには壮大で美麗な仏僧たちの僧房があったが、人々の噂によればまったく倒壊したとのことである。,不明,尼崎,―,―,―,―,伝聞,建物被害,"34.733827,135.406430",135.40643,34.733827,2,便宜的に尼崎市役所に置く,史料レベル：A
121,[古代・中世]地震・噴火史料データベース,十六・七世紀イエズス会日本報告集第Ｉ期,それらの周辺の家々は高楼に作られていたので、それらには湯治客が滞在していたが、その倒壊によって、人の噂によれば、六百人以上が押し潰されたとのことである。,不明,有馬温泉,―,―,―,―,伝聞,建物被害,"34.796742,135.250569",135.250569,34.796742,3,,史料レベル：A
122,[古代・中世]地震・噴火史料データベース,十六・七世紀イエズス会日本報告集第Ｉ期,それらの周辺の家々は高楼に作られていたので、それらには湯治客が滞在していたが、その倒壊によって、人の噂によれば、六百人以上が押し潰されたとのことである。,不明,有馬温泉,―,―,―,―,伝聞,人的被害,"34.796742,135.250569",135.250569,34.796742,3,,史料レベル：A
123,[古代・中世]地震・噴火史料データベース,十六・七世紀イエズス会日本報告集第Ｉ期,今回の地震は非常に激しかったためその大部分が崩壊し、人々の言うところでは間もなくその大部分が火災に遭ったとのこと,不明,兵庫,―,―,―,―,伝聞,建物被害,"34.680644,135.165385",135.165385,34.680644,2,便宜的に兵庫区役所に置く,史料レベル：A
124,[古代・中世]地震・噴火史料データベース,十六・七世紀イエズス会日本報告集第Ｉ期,今回の地震は非常に激しかったためその大部分が崩壊し、人々の言うところでは間もなくその大部分が火災に遭ったとのこと,不明,兵庫,―,―,―,―,伝聞,火災,"34.680644,135.165385",135.165385,34.680644,2,便宜的に兵庫区役所に置く,史料レベル：A
125,[古代・中世]地震・噴火史料データベース,十六・七世紀イエズス会日本報告集第Ｉ期,"淡路（Auangani, *Auangi）の国の第一の城郭は近隣の地とともにまったく崩壊して荒廃した。",不明,淡路,1596/9/18,文禄5/閏7/26,1596/9/7,文禄5/閏7/15,伝聞,建物被害,"34.439478,134.914770",134.91477,34.439478,1,便宜的に淡路市役所に置く,史料レベル：A
126,[古代・中世]地震・噴火史料データベース,十六・七世紀イエズス会日本報告集第Ｉ期,大和の国の郡山の城もまったく崩壊した。,不明,大和郡山城,,,1596/9/7,文禄5/閏7/15,伝聞,建物被害,"34.651754,135.779151",135.779151,34.651754,3,,史料レベル：A
127,[古代・中世]地震・噴火史料データベース,十六・七世紀イエズス会日本報告集第Ｉ期,《枚方》｛ヒラカタ｝の小さな城は、押し迫っている山の地滑りによって多数の惨死者を出した。,不明,枚方,,,1596/9/7,文禄5/閏7/15,伝聞,地すべり,"34.814508,135.650811",135.650811,34.814508,2,便宜的に枚方市役所に置く,史料レベル：A
128,[古代・中世]地震・噴火史料データベース,十六・七世紀イエズス会日本報告集第Ｉ期,《枚方》｛ヒラカタ｝の小さな城は、押し迫っている山の地滑りによって多数の惨死者を出した。,不明,枚方,,,1596/9/7,文禄5/閏7/15,伝聞,人的被害,"34.814508,135.650811",135.650811,34.814508,2,便宜的に枚方市役所に置く,史料レベル：A
129,[古代・中世]地震・噴火史料データベース,十六・七世紀イエズス会日本報告集第Ｉ期,この海峡は、かの地震の最初の地鳴りの時、潮が引いてしまい、そして大地がすっかり間に割り込んできたようであった。,不明,下関(佐賀関下浦）,,,1596/9/7,文禄5/閏7/15,伝聞,,"33.196529,131.857594",131.857594,33.196529,3,佐賀関の下関（下浦）をフロイスが勘違いしたものか,史料レベル：A
130,[古代・中世]地震・噴火史料データベース,十六・七世紀イエズス会日本報告集第Ｉ期,家々や壁や屋根や異教徒たちの諸寺院の悲しむべき崩壊以外には何も聞かれなかった。,京都,堺,1596/9/18,文禄5/閏7/26,1596/9/4,文禄5/閏7/12,伝聞,建物被害,"34.573263,135.482744",135.482744,34.573263,2,便宜的に堺市役所に置く,史料レベル：A
131,[古代・中世]地震・噴火史料データベース,十六・七世紀イエズス会日本報告集第Ｉ期,すべてのまったく狭い露路が〔交差している主要な道路を除いて〕、家屋や樹木や石や壁があらゆる方向に崩壊していたため、,京都,堺,1596/9/18,文禄5/閏7/26,1596/9/4,文禄5/閏7/12,伝聞,建物被害,"34.573263,135.482744",135.482744,34.573263,2,便宜的に堺市役所に置く,史料レベル：A
132,[古代・中世]地震・噴火史料データベース,十六・七世紀イエズス会日本報告集第Ｉ期,我らは遊撃（沈惟敬）のシナ人の使臣たちの中で（この地震で）二十名以上が死亡したことを知った。,京都,堺,1596/9/18,文禄5/閏7/26,1596/9/4,文禄5/閏7/12,伝聞,人的被害,"34.573263,135.482744",135.482744,34.573263,2,便宜的に堺市役所に置く,史料レベル：A
133,[古代・中世]地震・噴火史料データベース,十六・七世紀イエズス会日本報告集第Ｉ期,堺では六百人以上が死亡したほどで、,京都,堺,1596/9/18,文禄5/閏7/26,1596/9/4,文禄5/閏7/12,伝聞,人的被害,"34.573263,135.482744",135.482744,34.573263,2,便宜的に堺市役所に置く,史料レベル：A
134,[古代・中世]地震・噴火史料データベース,十六・七世紀イエズス会日本報告集第Ｉ期,加津佐から千々石への道中では、（中略）そこでは多数の巨岩が裂けて破砕し、一部は海中へ落下し一部は道路を塞いで通れなくしてしまった。,―,長崎・加津佐～千々石,―,―,―,―,伝聞,,,,,0,,史料レベル：A
135,[古代・中世]地震・噴火史料データベース,十六・七世紀イエズス会日本報告集第Ｉ期,人々は自分の目の前で地面が裂けるのを見て、生きたまま呑み込まれはせぬかと恐怖と戦慄を募らせていた。そしてこの種類の亀裂は《都》｛ミヤコ｝と伏見の間で非常に多く見られた。,―,京都市中～伏見,―,―,―,―,伝聞,地変,"34.936230,135.761447",135.761447,34.93623,2,便宜的に伏見区役所に置く,史料レベル：A
136,[古代・中世]地震・噴火史料データベース,十六・七世紀イエズス会日本報告集第Ｉ期,（湖水）は非常な速さで膨れ上り、また激しい急流となって流れ始めたので、あっという間に田畑に浸入し家屋を倒壊し、稲の耕作地を守るために掘られた非常に深い灌漑溝をも満水させた。,―,琵琶湖・勢多橋,―,―,―,―,伝聞,,"34.975143,135.906625",135.906625,34.975143,3,,史料レベル：A
137,[古代・中世]地震・噴火史料データベース,十六・七世紀イエズス会日本報告集第Ｉ期,水は伏見にまで拡がり、この《市》｛まち｝では水によって無数の人々が〓死する新たな災害をひき起こした。,―,伏見,―,―,―,―,伝聞,,"34.936230,135.761447",135.761447,34.93623,2,便宜的に伏見区役所に置く,史料レベル：A
138,[古代・中世]地震・噴火史料データベース,十六・七世紀イエズス会日本報告集第Ｉ期,しかしあの（地震の）折りには海上に大きな嵐があったので、先の港へは、〓によると、日本国にあるような、あるいは大きくあるいは小さい五十隻の船が停泊したが、それらの大部分は海水のこの怒り狂い制圧されぬ高潮によって、また荒れ狂う波のぶつかり合いによって盲滅法に衝突して粉砕してしまった。,―,明石,―,―,―,―,伝聞,津波被害,"34.643086,134.997629",134.997629,34.643086,2,便宜的に明石市役所に置く,史料レベル：A
139,[古代・中世]地震・噴火史料データベース,十六・七世紀イエズス会日本報告集第Ｉ期,危険を脱しようと港を離れた船は、その途中に多くの渦巻があったので、同様に海の深淵に呑み込まれてしまい、一隻も逃避しきれなかったことは明らかである。,―,明石,―,―,―,―,伝聞,津波被害,"34.643086,134.997629",134.997629,34.643086,2,便宜的に明石市役所に置く,史料レベル：A
140,[古代・中世]地震・噴火史料データベース,十六・七世紀イエズス会日本報告集第Ｉ期,この津波は海岸地域、すなわち海の他の岸辺に非常に近い所をも襲撃して、目撃者たちの言うところによると、多くの死者を出し、明石では三百名以上だったとのことである。,―,明石,―,―,―,―,伝聞,人的被害,"34.643086,134.997629",134.997629,34.643086,2,便宜的に明石市役所に置く,史料レベル：A
141,[古代・中世]地震・噴火史料データベース,十六・七世紀イエズス会日本報告集第Ｉ期,この地震によって伏見の《市》｛まち｝、とりわけ城郭（propugnaculum）は非常に震動して荒廃したので、使節一行のための住居と謁見に適当な場所が残らなかったほどである。,―,伏見城,―,―,―,―,伝聞,建物被害,"34.931403,135.772782",135.772782,34.931403,3,,史料レベル：A
142,[古代・中世]地震・噴火史料データベース,十六・七世紀イエズス会日本報告集第Ｉ期,太閤は彼らを大坂で謁見することに決めたが、そこでは非常な震動があった唯一の（天守）閣（turris）と、山里と言われた或る屋敷と《極楽橋》｛ゴクラクハシ｝〔または楽園の橋とも言ってよい〕と言われ一万五千黄金スクードに値する非常な黄金で輝くいとも高貴な橋を除いては、地震のため城郭（propugnaculum）内には何も残らなかった。,―,伏見城,―,―,―,―,伝聞,建物被害,"34.931403,135.772782",135.772782,34.931403,3,,史料レベル：A
143,[古代・中世]地震・噴火史料データベース,アビラ・ヒロン　日本王国記,昔から大仏Daybutと呼ぶ仏像があったが、九六年に起こった地震で倒壊したので、太閤様がもう一つずっと大きいものを作られた。,―,東山大仏殿,―,―,1596,文禄5,伝聞,建物被害,"34.991455,135.773013",135.773013,34.991455,3,,史料レベル：A
144,[古代・中世]地震・噴火史料データベース,アビラ・ヒロン　日本王国記,都Meacoと上Camiのその周辺の地域では、地震はことのほか激しかったので、家屋や城の多くが倒壊した。,―,京都周辺,―,―,1596,文禄5,伝聞,建物被害,"35.011633,135.767970",135.76797,35.011633,2,便宜的に京都市役所に置く,史料レベル：A
145,[古代・中世]地震・噴火史料データベース,アビラ・ヒロン　日本王国記,完成したばかりの太閤様の大邸宅も倒壊したが、これは一見に価するものであった。,―,,―,―,1596,文禄5,伝聞,建物被害,,,,ｘ,,史料レベル：A
146,[古代・中世]地震・噴火史料データベース,日本廿六聖人殉教記,太閤様の栄華を後世に誇るべき莊麗なる建造物は悉く崩壞し、明使を迎ふる為に新に大阪に營まれた千本柱の宏大なる大建築も崩れた、,―,伏見城,―,―,1596/8/30~9/4,文禄5/閏7/7~閏7/12,伝聞,建物被害,"34.931403,135.772782",135.772782,34.931403,3,,史料レベル：A
147,[古代・中世]地震・噴火史料データベース,日本廿六聖人殉教記,その他京都の城の諸門も壞れ、七層の高塔も根底より動揺して到底破壞の外なき迄に亀裂を生じた。,―,京都,―,―,1596/8/30~9/4,文禄5/閏7/7~閏7/12,伝聞,建物被害,"35.011633,135.767970",135.76797,35.011633,2,便宜的に京都市役所に置く,史料レベル：A
148,[古代・中世]地震・噴火史料データベース,日本廿六聖人殉教記,七百年前高野の僧（le bonze de Coya） （注：(○僧空海即 | ち弘法大師) ）の建立せる洛外の堂塔伽藍も一日にして壞滅し、本堂の大佛も顛覆粉碎したが、,―,東寺,―,―,1596/9/4,文禄5/閏7/12,,建物被害,"34.983315,135.746126",135.746126,34.983315,3,,史料レベル：A
149,[古代・中世]地震・噴火史料データベース,日本廿六聖人殉教記,なほ佛像千二百體を有せる他の寺院に於てはその中六百までが粉碎した、この天災の為に倒壞せる市中の家屋に至つては殆ど無數である、,―,三十三間堂,―,―,1596/9/4,文禄5/閏7/12,,建物被害,"34.987851,135.768743",135.768743,34.987851,3,,史料レベル：A
150,[古代・中世]地震・噴火史料データベース,日本廿六聖人殉教記,この天災の為に倒壞せる市中の家屋に至つては殆ど無數である、而も僅か半時間に斯くの如く大なる荒廃が〓らされたのである、其上日本全國を通じては數千の犠牲者を出した、,―,,―,―,1596/9/4,文禄5/閏7/12,,人的被害,,,,ｘ,,史料レベル：A
151,[古代・中世]地震・噴火史料データベース,日本西教史,《同年ノ》｛（一五九六年）｝八月三十日、大坂ニ於テハ午後八時ヨリ始マリ、九月四日ノ夜半、一層甚シク、事急ニシテ人々家ヲ出ル暇ナク、瓦ノ下ニ埋マレシ者多シ、,―,大坂,―,―,1596/8/30~9/4,文禄5/閏7/7~閏7/12,,人的被害,"34.693815,135.502442",135.502442,34.693815,2,便宜的に大阪市役所に置く,史料レベル：A
152,[古代・中世]地震・噴火史料データベース,日本西教史,太閤殿下ノ宮殿ハ大厦高樓盡ク壞レ、彼ノ千畳座敷、並ニ城櫓二箇所倒レタリ、,―,伏見,―,―,1596/9/4,文禄5/閏7/12,,建物被害,"34.936230,135.761447",135.761447,34.93623,2,便宜的に伏見区役所に置く,史料レベル：A
153,[古代・中世]地震・噴火史料データベース,日本西教史,此外會同館ノ前ヘ、大石ノ垣ヲ作ラレシガ、是モ地震ノタメニ崩レタリ、,―,伏見,―,―,1596/9/4,文禄5/閏7/12,,建物被害,"34.936230,135.761447",135.761447,34.93623,2,便宜的に伏見区役所に置く,史料レベル：A
154,[古代・中世]地震・噴火史料データベース,日本西教史,地震ハ半時許ニシテ止ミ、死セル者六百餘人、,―,,―,―,1596/9/4,文禄5/閏7/12,,人的被害,,,,ｘ,,史料レベル：A
155,[古代・中世]地震・噴火史料データベース,日本西教史,諸所ノ佛堂概ネ頽破シ、佛僧モ佛像モ、トモニ反礫ノ下ニ敷カル、,―,,―,―,1596/9/4,文禄5/閏7/12,,建物被害,,,,ｘ,,史料レベル：A
156,[古代・中世]地震・噴火史料データベース,日本西教史,此地震ノ起ルトキ、大地鳴動シ、恰モ大海ノ飜リ、巨濤ノ岸ニ觸レテ崩ルヽガ如クナリシ、,―,,―,―,1596/9/4,文禄5/閏7/12,,,,,,ｘ,,史料レベル：A
157,[古代・中世]地震・噴火史料データベース,日本西教史,九月五日ノ夜十一時、一天能ク晴レシニ、遽カニ大地震起リ、地下ニ雷ノ如キ響聞ヘ、處々家ノ崩ルヽ音、梁柱ニ壓セラルヽ叫喚ノ聲、囂々トシテ恰モ大〓ヲ放チシ後ニ、,―,京都,―,―,1596/9/5,文禄5/閏7/13,伝聞,建物被害,"35.011633,135.767970",135.76797,35.011633,2,便宜的に京都市役所に置く,史料レベル：A
158,[古代・中世]地震・噴火史料データベース,日本西教史,京師ニ近キ高名ナル佛堂倒レテ、彼ノ大佛ノ像モ壞レ、,―,,―,―,―,―,,建物被害,,,,ｘ,,史料レベル：A
159,[古代・中世]地震・噴火史料データベース,日本西教史,其外黄金佛ノ巧ニ作ル者千二百體中ニ、六百體ハ互ニ觸レテ毀損セリ、,―,三十三間堂,―,―,―,―,,建物被害,"34.987851,135.768743",135.768743,34.987851,3,,史料レベル：A
160,[古代・中世]地震・噴火史料データベース,日本西教史,此時美麗ナル宮觀、倒レテ殘ルモノナク、太閤殿下ノ平生起臥セシ室ハ、格別宏大美麗ニアラザレドモ、之モ暫ク動搖セシ後、終ニ破壞シ、,―,伏見城,―,―,―,―,,建物被害,"34.931403,135.772782",135.772782,34.931403,3,,史料レベル：A
161,[古代・中世]地震・噴火史料データベース,日本西教史,侍妾七百人、其下ニ壓死シタリ、,―,伏見城,―,―,―,―,,人的被害,"34.931403,135.772782",135.772782,34.931403,3,,史料レベル：A
162,[古代・中世]地震・噴火史料データベース,日本西教史,此ノ諸造營ノ外ニ、地理ノ形勝便宜ニヨリ、山ヲ崩シテ別ニ山ヲ築キシモノ有リ、之モ或ハ潰レ、或ハ大地ノ裂ケシ所ヘ陷リタリ、,―,,―,―,―,―,,地変,,,,ｘ,,史料レベル：A
163,[古代・中世]地震・噴火史料データベース,日本西教史,此夜死セシモノ六百餘人、沈遊撃ノ從者廿人モ、其中ニアリト云フ、,―,堺,―,―,―,―,,人的被害,"34.573263,135.482744",135.482744,34.573263,2,便宜的に堺市役所に置く,史料レベル：A
164,[古代・中世]地震・噴火史料データベース,日本西教史,博多ノ地方ニ於テハ、海水溢レテ陸ニ上ルコト一里餘、家屋ヲ漂ハシ、人畜牛馬ノ死スルコト甚多シト雖モ、奉教ノ人ハ、一人モ命ヲ落サズ、家モ失ハザリシトゾ、,―,博多,―,―,―,―,伝聞,津波被害,"33.591457,130.414860",130.41486,33.591457,2,便宜的に博多区役所に置く,史料レベル：A
165,[古代・中世]地震・噴火史料データベース,荘厳講執行帳　第二巻○白鳥町史　史料編　長滝寺文書,于時文禄五年(丙 | 申)閏七月十二日夜丑刻ニ大地震動、天下家共並人民多死、殊更秀吉太閤様伏見御屋形一宇も不残動崩申候、其外諸大《明》｛（名）｝衆も押死候、前代未聞候、,―,伏見城,―,―,1596/9/4,文禄5/閏7/12,伝聞,人的被害,"34.931403,135.772782",135.772782,34.931403,3,,史料レベル：A
166,[古代・中世]地震・噴火史料データベース,荘厳講執行帳　第二巻○白鳥町史　史料編　長滝寺文書,于時文禄五年(丙 | 申)閏七月十二日夜丑刻ニ大地震動、天下家共並人民多死、殊更秀吉太閤様伏見御屋形一宇も不残動崩申候、其外諸大《明》｛（名）｝衆も押死候、前代未聞候、,―,伏見城,―,―,1596/9/4,文禄5/閏7/12,伝聞,建物被害,"34.931403,135.772782",135.772782,34.931403,3,,史料レベル：A
167,[古代・中世]地震・噴火史料データベース,荘厳講執行帳　第二巻○白鳥町史　史料編　長滝寺文書,同月廿五日まて自今動申候、已来何程ユリ申モ不存候云々、,―,不明,―,―,1596/9/4,文禄5/閏7/12,伝聞,余震,,,,ｘ,,史料レベル：A
168,[古代・中世]地震・噴火史料データベース,モンタヌス日本誌○丙午出版社本,大阪の市は此擾亂の外に、一五八五年八月四日夜半に起りたる突如たる地震の為に、遥に大なる慘害を受け、殆ど全く荒廢に歸したり、最初の震動は激烈にして、半時間に過ぎざる間に數百の人民は倒壞物の裡に葬られたり,―,大坂,―,―,1585/8/4,天正13/7/9,,人的被害,"34.693815,135.502442",135.502442,34.693815,2,便宜的に大阪市役所に置く,史料レベル：B
169,[古代・中世]地震・噴火史料データベース,モンタヌス日本誌○丙午出版社本,美の建物先づ壞れしが、其中には太閤様の建てし天下最美最大の建物もあり、此は廣大なる廻廊を有し、十五萬人を練兵せしむるに足ると稱へらるゝ廣き中庭を有す、此大建築は支那の使節に對して權力と莊嚴とを示さんが為に建てられたるものなりき、,―,大坂城ヵ,―,―,1585/8/4,天正13/7/9,,建物被害,"34.686299,135.525852",135.525852,34.686299,2,便宜的に大阪城に置く,史料レベル：B
170,[古代・中世]地震・噴火史料データベース,モンタヌス日本誌○丙午出版社本,都と桑名（Quano）との中程に、少しく北に當りて有名なるピオンゴ（Piongo）市あり、（注：(○中略) ）一五九六年大地震の為に全く破壞せられ、市の半以上は家屋、殿堂、住民と共に地中に陷落し、其殘部も亦上を下への顛倒の有様にて、荒廢破壞の殘物の推積に過ぎざるものとなれり、,―,甲賀ヵ,―,―,―,―,,建物被害,"35.466479,136.348819",136.348819,35.466479,1,,史料レベル：B
171,[古代・中世]地震・噴火史料データベース,招提千歳伝記　下之一○続々群書類従,文禄五年大地震、此時殿堂多倒、此殿又倒、久成莓苔之地、僅有小屋覆戒壇耳,奈良,奈良・唐招提寺,―,―,1596,文禄5,,建物被害,"34.677818,135.784820",135.78482,34.677818,3,,史料レベル：B
172,[古代・中世]地震・噴火史料データベース,招提千歳伝記　下之一○続々群書類従,四方築地者、文禄五年七月十二日大地震、此時悉倒也、南方尋雖築之又悉倒也,奈良,奈良・唐招提寺,―,―,1596/8/5,文禄5/7/12,,建物被害,"34.677818,135.784820",135.78482,34.677818,3,,史料レベル：B
173,[古代・中世]地震・噴火史料データベース,当代記○史料雑纂,《閏七月》｛（文禄五年）｝十二日の夜子の刻に、上方大地震、京中は三條より下伏見迄家損人死、上京は不苦、,―,京都・三条～伏見,―,―,1596/9/4,文禄5/閏7/12,,建物被害,"34.936230,135.761447",135.761447,34.93623,2,便宜的に伏見区役所に置く,史料レベル：B
174,[古代・中世]地震・噴火史料データベース,当代記○史料雑纂,《閏七月》｛（文禄五年）｝十二日の夜子の刻に、上方大地震、京中は三條より下伏見迄家損人死、上京は不苦、,―,京都・三条～伏見,―,―,1596/9/4,文禄5/閏7/12,,人的被害,"34.936230,135.761447",135.761447,34.93623,2,便宜的に伏見区役所に置く,史料レベル：B
175,[古代・中世]地震・噴火史料データベース,当代記○史料雑纂,伏見御城中にて、女臈七十三人、中居下女迄五百人死、,―,伏見城,―,―,1596/9/4,文禄5/閏7/12,,人的被害,"34.931403,135.772782",135.772782,34.931403,3,,史料レベル：B
176,[古代・中世]地震・噴火史料データベース,当代記○史料雑纂,一の門、三門の番衆門崩、悉死、,―,伏見城,―,―,1596/9/4,文禄5/閏7/12,,建物被害,"34.931403,135.772782",135.772782,34.931403,3,,史料レベル：B
177,[古代・中世]地震・噴火史料データベース,当代記○史料雑纂,一の門、三門の番衆門崩、悉死、,―,伏見城,―,―,1596/9/4,文禄5/閏7/12,,人的被害,"34.931403,135.772782",135.772782,34.931403,3,,史料レベル：B
178,[古代・中世]地震・噴火史料データベース,当代記○史料雑纂,折節太閤中のまるに御座、御身無恙、諸大名の家々倒ル、人死事無限、,―,伏見城,―,―,1596/9/4,文禄5/閏7/12,,建物被害,"34.931403,135.772782",135.772782,34.931403,3,,史料レベル：B
179,[古代・中世]地震・噴火史料データベース,当代記○史料雑纂,折節太閤中のまるに御座、御身無恙、諸大名の家々倒ル、人死事無限、,―,伏見城,―,―,1596/9/4,文禄5/閏7/12,,人的被害,"34.931403,135.772782",135.772782,34.931403,3,,史料レベル：B
180,[古代・中世]地震・噴火史料データベース,当代記○史料雑纂,人死事無限、大坂、々并も同前、,―,伏見城,―,―,1596/9/4,文禄5/閏7/12,,人的被害,"34.931403,135.772782",135.772782,34.931403,3,,史料レベル：B
181,[古代・中世]地震・噴火史料データベース,当代記○史料雑纂,伏見城殿主石かけは一も不殘崩る、,―,伏見城,―,―,1596/9/4,文禄5/閏7/12,,建物被害,"34.931403,135.772782",135.772782,34.931403,3,,史料レベル：B
182,[古代・中世]地震・噴火史料データベース,当代記○史料雑纂,大佛堂は不苦、佛は損也、,―,伏見城,―,―,1596/9/4,文禄5/閏7/12,,建物被害,"34.931403,135.772782",135.772782,34.931403,3,,史料レベル：B
183,[古代・中世]地震・噴火史料データベース,当代記○史料雑纂,愛宕山坊中も倒、所々よりあかる眞壷過半損、,―,伏見城,―,―,1596/9/4,文禄5/閏7/12,,建物被害,"34.931403,135.772782",135.772782,34.931403,3,,史料レベル：B
184,[古代・中世]地震・噴火史料データベース,当代記○史料雑纂,此地震、關東駿遠何も東は不動、,―,関東,―,―,1596/9/4,文禄5/閏7/12,,,,,,0,,史料レベル：B
185,[古代・中世]地震・噴火史料データベース,享禄以来年代記○続群書類従　二十九輯下,閏七月十二日大地震。禁中築地堂舍伏見矢倉男女壓死者多。,―,京都・伏見,―,―,1596/9/4,慶長1/閏7/12,,建物被害,"34.936230,135.761447",135.761447,34.93623,2,便宜的に伏見区役所に置く,史料レベル：B
186,[古代・中世]地震・噴火史料データベース,享禄以来年代記○続群書類従　二十九輯下,閏七月十二日大地震。禁中築地堂舍伏見矢倉男女壓死者多。,―,京都・伏見,―,―,1596/9/4,慶長1/閏7/12,,人的被害,"34.936230,135.761447",135.761447,34.93623,2,便宜的に伏見区役所に置く,史料レベル：B
187,[古代・中世]地震・噴火史料データベース,享禄以来年代記○続群書類従　二十九輯下,大佛像腹崩。止供養事。,―,東山大仏殿,―,―,1596/9/4,慶長1/閏7/12,,建物被害,"34.991455,135.773013",135.773013,34.991455,3,,史料レベル：B
188,[古代・中世]地震・噴火史料データベース,永禄以来大事記○続群書類従　二十九輯下,慶長元年丙申七月十二日京師及伏見地大震。人多震死。,―,京都・伏見,―,―,1596/8/5,文禄5/7/12,,人的被害,"34.936230,135.761447",135.761447,34.93623,2,便宜的に伏見区役所に置く,史料レベル：B
189,[古代・中世]地震・噴火史料データベース,永禄以来大事記○続群書類従　二十九輯下,大佛殿亦崩。佛像碎。再鑄之。,―,東山大仏殿,―,―,1596/8/5,文禄5/7/12,,建物被害,"34.991455,135.773013",135.773013,34.991455,3,,史料レベル：B
190,[古代・中世]地震・噴火史料データベース,板坂卜齋覚書○新訂増補史籍集覧,七月十二日、夜半大地震、大佛を金佛に被成候も動れ損し、,―,東山大仏殿,―,―,1596/8/5,文禄5/7/12,,建物被害,"34.991455,135.773013",135.773013,34.991455,3,,史料レベル：B
191,[古代・中世]地震・噴火史料データベース,板坂卜齋覚書○新訂増補史籍集覧,伏見天守も上ノ二重動り落し、御殿棟木飛破風の作り物狐格子落て、裏表へ見通し、諸大名家々、御成門も損し、大手の二階門をも動り崩し、,―,伏見城,―,―,1596/8/5,文禄5/7/12,,建物被害,"34.931403,135.772782",135.772782,34.931403,3,,史料レベル：B
192,[古代・中世]地震・噴火史料データベース,板坂卜齋覚書○新訂増補史籍集覧,一庵法師と申番衆も死、,―,伏見城,―,―,1596/8/5,文禄5/7/12,,人的被害,"34.931403,135.772782",135.772782,34.931403,3,,史料レベル：B
193,[古代・中世]地震・噴火史料データベース,板坂卜齋覚書○新訂増補史籍集覧,家康公屋敷の二階の長屋潰れ、加々爪隼人も死、,―,伏見城下（家康邸）,―,―,1596/8/5,文禄5/7/12,,建物被害,"34.931403,135.772782",135.772782,34.931403,3,,史料レベル：B
194,[古代・中世]地震・噴火史料データベース,板坂卜齋覚書○新訂増補史籍集覧,家康公屋敷の二階の長屋潰れ、加々爪隼人も死、,―,伏見城下（家康邸）,―,―,1596/8/5,文禄5/7/12,,人的被害,"34.931403,135.772782",135.772782,34.931403,3,,史料レベル：B
195,[古代・中世]地震・噴火史料データベース,板坂卜齋覚書○新訂増補史籍集覧,伏見中にて家長屋潰れ、死人ハ數不知、歴々ハ一庵と加々爪と二人なり、,―,伏見城,―,―,1596/8/5,文禄5/7/12,,建物被害,"34.931403,135.772782",135.772782,34.931403,3,,史料レベル：B
196,[古代・中世]地震・噴火史料データベース,板坂卜齋覚書○新訂増補史籍集覧,伏見中にて家長屋潰れ、死人ハ數不知、歴々ハ一庵と加々爪と二人なり、,―,伏見城,―,―,1596/8/5,文禄5/7/12,,人的被害,"34.931403,135.772782",135.772782,34.931403,3,,史料レベル：B
197,[古代・中世]地震・噴火史料データベース,板坂卜齋覚書○新訂増補史籍集覧,地震にて御殿天守、諸大名の家共、崩損し、,―,伏見城,―,―,1596/8/5,文禄5/7/12,,建物被害,"34.931403,135.772782",135.772782,34.931403,3,,史料レベル：B
198,[古代・中世]地震・噴火史料データベース,清正行状○続群書類従,十二日ノ夜、亥子ノ刻ヨリ地震シ、京洛、伏見、大坂ヲ始メ、畿内殊ニ夥シク、殿堂門廡悉ク轉倒ス、,―,京都・伏見・大坂,―,―,,,,建物被害,,,,0,,史料レベル：B
199,[古代・中世]地震・噴火史料データベース,大和名勝志○大和古寺大観五,一、《律法中興》｛（海竜王寺）｝之事（中略）天正年中　或依押妨之事、律法因此而衰微　僧事為此而闕怠　剰慶長丙申不虞虞大地震　堂宇多顛墜矣,―,奈良・海龍王寺,―,―,1596,慶長1,,建物被害,"34.692774,135.805564",135.805564,34.692774,3,,史料レベル：B
200,[古代・中世]地震・噴火史料データベース,南都般若寺勧化帳○大和古寺大観三,爰に慶長元年七月十二日の大地震に件の石塔九輪并上の二重地に落侍り,奈良・般若寺,奈良・般若寺,―,―,1596/8/5,慶長1/7/12,,建物被害,"34.700113,135.836420",135.83642,34.700113,3,,史料レベル：B
201,[古代・中世]地震・噴火史料データベース,開山堂再建棟札写○奈良六大寺大観　十二,慶長元年閏七月十二日、寅刻、依大地震、僧堂崩落并講堂之東廊倒、,奈良,奈良・唐招提寺,1597/5/29,慶長2/4/14,1596/9/4,慶長1/閏7/12,,建物被害,"34.677818,135.784820",135.78482,34.677818,3,,史料レベル：B
202,[古代・中世]地震・噴火史料データベース,開山堂再建棟札写○奈良六大寺大観　十二,慶長元年閏七月十二日、寅刻、依大地震、僧堂崩落并講堂之東廊倒、塔一重零、,奈良,奈良・唐招提寺,1597/5/29,慶長2/4/14,1596/9/4,慶長1/閏7/12,,建物被害,"34.677818,135.784820",135.78482,34.677818,3,,史料レベル：B
203,[古代・中世]地震・噴火史料データベース,開山堂再建棟札写○奈良六大寺大観　十二,至御影堂者斜傾既及顛倒之間、大衆挙嗟之、自手励勤労、奉修営所也、,奈良,奈良・唐招提寺,1597/5/29,慶長2/4/14,1596/9/4,慶長1/閏7/12,,建物被害,"34.677818,135.784820",135.78482,34.677818,3,,史料レベル：B
204,[古代・中世]地震・噴火史料データベース,〔日記〕般若寺所蔵○大和古寺大観三,以上ノ宝物者慶長元年七月十二日地震ニ墜落、自其以来経蔵ニ入置候,奈良・般若寺,奈良・般若寺,,,1596/8/5,慶長1/7/12,,建物被害,"34.700113,135.836420",135.83642,34.700113,3,,史料レベル：B
205,[古代・中世]地震・噴火史料データベース,奈良六大寺大観 第六巻○奈良六大寺大観刊行会本,旧記云、（中略）文禄皇帝慶長元年(丙申 | )閏七月十二日大地震、逾月不止、八幡廊、西院堂、東西両門等悉崩焉、,奈良・般若寺薬師寺,奈良・薬師寺,,,1596/9/4,慶長1/閏7/12,伝聞,建物被害,"34.669783,135.784278",135.784278,34.669783,3,,史料レベル：B
206,[古代・中世]地震・噴火史料データベース,奈良六大寺大観 第六巻○奈良六大寺大観刊行会本,大宮八幡宮北御廊棟銘曰、（中略）当年閏七月十二日夜、依大地震、令顛倒間、造営畢、,奈良・般若寺薬師寺,奈良・薬師寺,,,1596/9/4,慶長1/閏7/12,伝聞,建物被害,"34.669783,135.784278",135.784278,34.669783,3,,史料レベル：B
207,[古代・中世]地震・噴火史料データベース,大宰寺再興願（鏑木家蔵）○大和古寺大観　三,此堂社又天正慶長之大地震ニ不残致破滅候、然共鎮守正八幡宮一社并霊宝等、于今相残候、,奈良,奈良・大安寺,1711/8/,正徳1/7/,―,―,,建物被害,"34.667964,135.812731",135.812731,34.667964,3,,史料レベル：B
208,[古代・中世]地震・噴火史料データベース,大宰寺再興願（鏑木家蔵）○大和古寺大観　三,代々大安寺之住侶ニ而御座候得共、天正之比大和之領主寺領悉被没収、其上同十三年之大地震ニ堂舎及大破、又慶長元年之大地震ニ堂舎悉致破滅、住居難成候故、高雄者海龍王寺江引退、暫致住居相果申候、,奈良,奈良・大安寺,1711/8/,正徳1/7/,1585,天正13,,建物被害,"34.667964,135.812731",135.812731,34.667964,3,,史料レベル：B
209,[古代・中世]地震・噴火史料データベース,大宰寺再興願（鏑木家蔵）○大和古寺大観　三,代々大安寺之住侶ニ而御座候得共、天正之比大和之領主寺領悉被没収、其上同十三年之大地震ニ堂舎及大破、又慶長元年之大地震ニ堂舎悉致破滅、住居難成候故、高雄者海龍王寺江引退、暫致住居相果申候、,奈良,奈良・大安寺,1711/8/,正徳1/7/,1596,慶長1,,建物被害,"34.667964,135.812731",135.812731,34.667964,3,,
210,[古代・中世]地震・噴火史料データベース,招提千歳伝記　下之二○続々群書類従,慶長元年丙申秋閏七月、大地震、此時戒壇、僧堂、庫院、弥陀堂、不動堂、鐘楼、山門、廻廊、僧坊西神社、及楼門等、悉倒、金殿、講堂、東塔等、并破壊,奈良・唐招提寺,奈良・唐招提寺,―,―,1596/9/,慶長1/閏7/,,建物被害,"34.677818,135.784820",135.78482,34.677818,3,,史料レベル：B
211,[古代・中世]地震・噴火史料データベース,熊野年代記古写○熊野三山協議会本,"《壬七月》｛（文禄五）｝地震、人死ス
○熊野年代記「歳代記第壱」では、「壬七月地震築地石垣ヲ崩ス人死有」と記される。",熊野ヵ,,―,―,1596/9/,文禄5/7/,,人的被害,,,,ｘ,,史料レベル：B
212,[古代・中世]地震・噴火史料データベース,赤城神社年代記○神道大系,《同年》｛（文禄五）｝閏七月十二日ノ夜ヨリ大地震、五十日ノ間ナリ、京都方ハ二万人余死失スト云フ、,群馬,京都,―,―,1596/9/4,文禄5/閏7/12,伝聞,人的被害,"35.011633,135.767970",135.76797,35.011633,2,便宜的に京都市役所に置く,史料レベル：B
213,[古代・中世]地震・噴火史料データベース,高野春秋編年輯録○新校高野春秋編年輯録,閏七月十二日、大地震、諸伽藍往々小破、奧院堂殿無恙、京大佛像破壞、殿閣崩損、,和歌山・高野山,京都,―,―,1596/9/4,文禄5/閏7/12,,建物被害,"35.011633,135.767970",135.76797,35.011633,2,便宜的に京都市役所に置く,史料レベル：B
214,[古代・中世]地震・噴火史料データベース,高野春秋編年輯録○新校高野春秋編年輯録,閏七月十二日、大地震、諸伽藍往々小破、奧院堂殿無恙、京大佛像破壞、殿閣崩損、,和歌山・高野山,東山大仏殿,―,―,1596/9/4,文禄5/閏7/12,,建物被害,"34.991455,135.773013",135.773013,34.991455,3,,史料レベル：B
215,[古代・中世]地震・噴火史料データベース,伊達秘鑑○仙台叢書,城郭ノ石壘抜ケ崩レ、天守フルヒ倒レ、殿舍多ク破損ス、,―,,,,1596/9/4,文禄5/閏7/12,,建物被害,,,,ｘ,伏見城カ,史料レベル：B
216,[古代・中世]地震・噴火史料データベース,伊達秘鑑○仙台叢書,依之伏見城中ノ男女五十人、壓ニウタレテ横死ス、,―,伏見城,,,1596/9/4,文禄5/閏7/12,,人的被害,"34.931403,135.772782",135.772782,34.931403,3,,史料レベル：B
217,[古代・中世]地震・噴火史料データベース,伊達秘鑑○仙台叢書,石垣ヲユリ入レ殿閣モユリ込ミケレハ、普請ノ人夫柱ニ倒サレ、石ニアタリ横死スル者若干ナリ、,―,伏見城,,,1596/9/4,文禄5/閏7/12,,建物被害,"34.931403,135.772782",135.772782,34.931403,3,,史料レベル：B
218,[古代・中世]地震・噴火史料データベース,伊達秘鑑○仙台叢書,石垣ヲユリ入レ殿閣モユリ込ミケレハ、普請ノ人夫柱ニ倒サレ、石ニアタリ横死スル者若干ナリ、,―,伏見城,,,1596/9/4,文禄5/閏7/12,,人的被害,"34.931403,135.772782",135.772782,34.931403,3,,史料レベル：B
219,[古代・中世]地震・噴火史料データベース,先代集○千葉県史料近世篇　下総国　上,七月十二日夜京都大地震禁中様石垣崩人多死、壬五月を七月ニ延ル、,―,内裏,,,1596/8/5,慶長1/7/12,,人的被害,"35.022967, 135.759180",135.75918,35.022967,3,,史料レベル：B
220,[古代・中世]地震・噴火史料データベース,清正記　二○続群書類従二十三下,洛中洛外伏見大坂は不及申、五畿内押並て地震、京中其外在々所々に至迄、一宇も不残倒れ、おしに打れ死者数を不知、,―,京都・大坂・五畿内,,,1596/8/5,慶長1/7/12,,建物被害,,,,0,,史料レベル：B
221,[古代・中世]地震・噴火史料データベース,清正記　二○続群書類従二十三下,洛中洛外伏見大坂は不及申、五畿内押並て地震、京中其外在々所々に至迄、一宇も不残倒れ、おしに打れ死者数を不知、,―,京都・大坂・五畿内,,,1596/8/5,慶長1/7/12,,人的被害,,,,0,,史料レベル：B
222,[古代・中世]地震・噴火史料データベース,続本朝通鑑○国書刊行会本,丁未｛（文禄五年閏七月十二日）｝地大震、土裂水涌、,―,,,,1596/9/4,文禄5/閏7/12,,液状化,,,,0,,史料レベル：C
223,[古代・中世]地震・噴火史料データベース,縁城寺年代記○丹後史料叢書　二,閏七月大地震、愛宕山ユリクズス、皆坊中立カワル也、,,愛宕山,,,1596,文禄5,,地変？,"35.059996,135.634228",135.634228,35.059996,3,,
224,[古代・中世]地震・噴火史料データベース,縁城寺年代記○丹後史料叢書　二,大阪フシミノヤカタツブレ、數人死、,,大坂,,,1596,文禄5,,建物被害,"34.686299,135.525852",135.525852,34.686299,2,便宜的に大阪城に置く,史料レベル：E
225,[古代・中世]地震・噴火史料データベース,縁城寺年代記○丹後史料叢書　二,大阪フシミノヤカタツブレ、數人死、,,大坂,,,1596,文禄5,,人的被害,"34.686299,135.525852",135.525852,34.686299,2,便宜的に大阪城に置く,史料レベル：E
226,[古代・中世]地震・噴火史料データベース,縁城寺年代記○丹後史料叢書　二,大阪フシミノヤカタツブレ、數人死、,,伏見,,,1596,文禄5,,建物被害,"34.936230,135.761447",135.761447,34.93623,2,便宜的に伏見区役所に置く,史料レベル：E
227,[古代・中世]地震・噴火史料データベース,縁城寺年代記○丹後史料叢書　二,大阪フシミノヤカタツブレ、數人死、,,伏見,,,1596,文禄5,,人的被害,"34.936230,135.761447",135.761447,34.93623,2,便宜的に伏見区役所に置く,史料レベル：E
228,[古代・中世]地震・噴火史料データベース,続史愚抄○新訂増補国史大系,《十二日》丁未、大地震、土裂水涌、,―,,,,1596/9/4,文禄5/閏7/12,,液状化,,,,ｘ,,史料レベル：E
229,[古代・中世]地震・噴火史料データベース,続史愚抄○新訂増補国史大系,京師伏見大厦巨宅及民屋等倒破、,―,京都・伏見,,,1596/9/4,文禄5/閏7/12,,建物被害,"35.011633,135.767970",135.76797,35.011633,2,便宜的に京都市役所に置く,史料レベル：E
230,[古代・中世]地震・噴火史料データベース,続史愚抄○新訂増補国史大系,東山新造大佛殿壞、因罷供養沙汰云、佛像亦破、人多死、,―,東山大仏殿,,,1596/9/4,文禄5/閏7/12,伝聞,建物被害,"34.991455,135.773013",135.773013,34.991455,3,,史料レベル：E
231,[古代・中世]地震・噴火史料データベース,続史愚抄○新訂増補国史大系,東山新造大佛殿壞、因罷供養沙汰云、佛像亦破、人多死、,―,東山大仏殿,,,1596/9/4,文禄5/閏7/12,,人的被害,"34.991455,135.773013",135.773013,34.991455,3,,史料レベル：E
232,[古代・中世]地震・噴火史料データベース,続史愚抄○新訂増補国史大系,伏見城中(太政大臣秀 | 吉在之)壓死者尤多、,―,伏見城,,,1596/9/4,文禄5/閏7/12,,人的被害,"34.931403,135.772782",135.772782,34.931403,3,,史料レベル：E
233,[古代・中世]地震・噴火史料データベース,続史愚抄○新訂増補国史大系,此後日夜度々震、,―,,,,,,,余震,,,,ｘ,,史料レベル：E
234,[古代・中世]地震・噴火史料データベース,続史愚抄○新訂増補国史大系,主上渡御假御所、(按非皇居壞、凡假 | 屋者震亦輕故歟、),―,,,,1596/9/4,文禄5/閏7/12,伝聞,,,,,ｘ,,史料レベル：E
235,[古代・中世]地震・噴火史料データベース,続史愚抄○新訂増補国史大系,地大動、向夜三度同、,京都,京都,,,1596/9/11,文禄5/閏7/19,,余震,"35.011633,135.767970",135.76797,35.011633,2,便宜的に京都市役所に置く,"同月20~22,24,26、8月1~3,7,8,10,15,19,23~25,28、9月17,21,27、10月4,6,9,14,16にも地震記録有り"
236,[古代・中世]地震・噴火史料データベース,続史愚抄○新訂増補国史大系,廿八日壬辰、地震、向夜有鳴動、(二度、 | )自閏七月十二日毎夜如斯云、 （注：(○親綱 | 卿記) ）,京都,京都,,,1596/10/19,文禄5/8/28,,,"35.011633,135.767970",135.76797,35.011633,2,便宜的に京都市役所に置く,史料レベル：E
237,[古代・中世]地震・噴火史料データベース,般若寺十三重石塔○大和古寺大観三,『大和名勝志』の「般若寺十三重石塔図」（挿図６１）には上二重と相輪が落ちて基壇上に置かれた状況を画き「慶長元年(丙 | 申)閏七月十二日墜落ス」と書込む。,奈良,奈良・般若寺,,,1596/9/4,慶長1/閏7/12,,建物被害,"34.700113,135.836420",135.83642,34.700113,3,,史料レベル：E
238,[古代・中世]地震・噴火史料データベース,般若寺十三重石塔○大和古寺大観三,寺蔵「日記」の元禄十三年修理時の南都奉行所へ差出した「覚」にも第十三・第十二重の納入品について「以上ノ宝物者慶長元年七月十二日地震ニ墜落。自其以来経蔵ニ入置候」と記す,奈良,奈良・般若寺,,,1596/8/5,慶長1/7/12,,建物被害,"34.700113,135.836420",135.83642,34.700113,3,,史料レベル：E
239,[古代・中世]地震・噴火史料データベース,般若寺十三重石塔○大和古寺大観三,前掲『南都般若寺勧化帳』にも、「爰に慶長元年七月十二日の大地震に件の石塔九輪并上の二重地に落侍り夫よりこのかた代々の住侶是をかなしふといへともいまた一簣の功をはじめず」と見える。,奈良,奈良・般若寺,,,1596/8/5,慶長1/7/12,,建物被害,"34.700113,135.836420",135.83642,34.700113,3,,史料レベル：E
240,[古代・中世]地震・噴火史料データベース,薩藩旧記,"年代記
一丙申慶長元年、京《小》｛（大カ）｝坂七《震》｛（大カ）｝動、家モ崩、人モ數萬人死、",―,京都・大坂,―,―,1596,慶長1,,建物被害,,,,0,,史料レベル：E
241,[古代・中世]地震・噴火史料データベース,薩藩旧記,"年代記
一丙申慶長元年、京《小》｛（大カ）｝坂七《震》｛（大カ）｝動、家モ崩、人モ數萬人死、",―,京都・大坂,―,―,1596,慶長1,,人的被害,,,,0,,史料レベル：E
242,[古代・中世]地震・噴火史料データベース,薩藩旧記後編,一文祿五年丙申(閏 | )七月九日薩摩ハ大地震也、京都ハ十二日之夜也、諸屋形町屋などは不及申、金銀を《芥》｛（鏤）｝ばめたる御殿崩テ、數百人打殺畢、 （注：(○下 | 略) ）,―,薩摩,―,―,1596/9/1,文禄5/閏7/9,,有感,"31.560180,130.558519",130.558519,31.56018,1,便宜的に鹿児島県庁に置く,史料レベル：E
243,[古代・中世]地震・噴火史料データベース,薩藩旧記後編,一文祿五年丙申(閏 | )七月九日薩摩ハ大地震也、京都ハ十二日之夜也、諸屋形町屋などは不及申、金銀を《芥》｛（鏤）｝ばめたる御殿崩テ、數百人打殺畢、 （注：(○下 | 略) ）,―,京都,―,―,1596/9/4,文禄5/閏7/12,,建物被害,"35.011633,135.767970",135.76797,35.011633,2,便宜的に京都市役所に置く,史料レベル：E
244,[古代・中世]地震・噴火史料データベース,薩藩旧記後編,一文祿五年丙申(閏 | )七月九日薩摩ハ大地震也、京都ハ十二日之夜也、諸屋形町屋などは不及申、金銀を《芥》｛（鏤）｝ばめたる御殿崩テ、數百人打殺畢、 （注：(○下 | 略) ）,―,京都,―,―,1596/9/4,文禄5/閏7/12,,人的被害,"35.011633,135.767970",135.76797,35.011633,2,便宜的に京都市役所に置く,史料レベル：E
245,[古代・中世]地震・噴火史料データベース,東藩史稿,慶長元年閏七月十二日、地大ニ震ス、向嶋ノ営築悉ク崩壊シ、男女五十余人圧死ス、,―,伏見向島ヵ,―,―,1596/9/4,文禄5/閏7/12,,建物被害,"34.923915,135.767992",135.767992,34.923915,3,,史料レベル：E
246,[古代・中世]地震・噴火史料データベース,東藩史稿,慶長元年閏七月十二日、地大ニ震ス、向嶋ノ営築悉ク崩壊シ、男女五十余人圧死ス、,―,伏見向島ヵ,―,―,1596/9/4,文禄5/閏7/12,,人的被害,"34.923915,135.767992",135.767992,34.923915,3,,史料レベル：E
247,[古代・中世]地震・噴火史料データベース,増補家忠日記,慶長元年閏 （注：(○本書脱閏、 | 今補之、) ）七月十二日、夜に入子の刻大地震、土裂け水涌出す、,―,,1596/9/4,慶長1/閏7/12,1596/9/4,慶長1/閏7/12,,液状化,,,,ｘ,,史料レベル：E
248,[古代・中世]地震・噴火史料データベース,増補家忠日記,京都、伏見、大厦巨宅及び民屋倒れ破れ、死するもの數をしらず、,―,京都・伏見,1596/9/4,慶長1/閏7/12,1596/9/4,慶長1/閏7/12,,建物被害,"35.011633,135.767970",135.76797,35.011633,2,便宜的に京都市役所に置く,史料レベル：E
249,[古代・中世]地震・噴火史料データベース,増補家忠日記,京都、伏見、大厦巨宅及び民屋倒れ破れ、死するもの數をしらず、,―,京都・伏見,1596/9/4,慶長1/閏7/12,1596/9/4,慶長1/閏7/12,,人的被害,"35.011633,135.767970",135.76797,35.011633,2,便宜的に京都市役所に置く,史料レベル：E
250,[古代・中世]地震・噴火史料データベース,増補家忠日記,洛陽大佛殿崩れ、佛像破壞す、,―,東山大仏殿,1596/9/4,慶長1/閏7/12,1596/9/4,慶長1/閏7/12,,建物被害,"34.991455,135.773013",135.773013,34.991455,3,,史料レベル：E
251,[古代・中世]地震・噴火史料データベース,増補家忠日記,伏見の殿中殿舍倒れ崩る、是によりて上臈女房七十三人、中居下女五百餘人横死す、,―,伏見城,1596/9/4,慶長1/閏7/12,1596/9/4,慶長1/閏7/12,,建物被害,"34.931403,135.772782",135.772782,34.931403,3,,史料レベル：E
252,[古代・中世]地震・噴火史料データベース,増補家忠日記,伏見の殿中殿舍倒れ崩る、是によりて上臈女房七十三人、中居下女五百餘人横死す、,―,伏見城,1596/9/4,慶長1/閏7/12,1596/9/4,慶長1/閏7/12,,人的被害,"34.931403,135.772782",135.772782,34.931403,3,,史料レベル：E
253,[古代・中世]地震・噴火史料データベース,増補家忠日記,大神君御館門樓破倒して、御家人加々爪隼人正死す、,―,伏見城下（家康邸）,1596/9/4,慶長1/閏7/12,1596/9/4,慶長1/閏7/12,,建物被害,"34.937553,135.769515",135.769515,34.937553,3,,史料レベル：E
254,[古代・中世]地震・噴火史料データベース,増補家忠日記,大神君御館門樓破倒して、御家人加々爪隼人正死す、,―,伏見城下（家康邸）,1596/9/4,慶長1/閏7/12,1596/9/4,慶長1/閏7/12,,人的被害,"34.937553,135.769515",135.769515,34.937553,3,,史料レベル：E
255,[古代・中世]地震・噴火史料データベース,増補家忠日記,愛宕山の坊舍悉く顛倒して、此山にあげ置く家々の名物茶壷、皆摧破して此時に滅失す。,―,愛宕山,1596/9/4,慶長1/閏7/12,1596/9/4,慶長1/閏7/12,,建物被害,"35.059996,135.634228",135.634228,35.059996,3,,史料レベル：E
256,[古代・中世]地震・噴火史料データベース,文禄大地震記　醍醐寺三宝院蔵本,御車寄之廊顛倒、其外築地瓦少々損云々、,京都,内裏,1596/9/5,慶長1/閏7/13,1596/9/5,慶長1/閏7/13,伝聞,建物被害,"35.022967, 135.759180",135.75918,35.022967,3,,史料レベル：E
257,[古代・中世]地震・噴火史料データベース,文禄大地震記　醍醐寺三宝院蔵本,伏見城事、十三日、丑刻大地震、御城大殿守顛倒、并御殿御門以下顛倒之由、同丑半尅斗御普請衆ヘ方々ヨリ注進、,京都,伏見城,1596/9/5,慶長1/閏7/13,1596/9/5,慶長1/閏7/13,伝聞,建物被害,"34.931403,135.772782",135.772782,34.931403,3,,史料レベル：E
258,[古代・中世]地震・噴火史料データベース,文禄大地震記　醍醐寺三宝院蔵本,徳善院ヘ為見舞夜明テ遣之、徳善院所モ殿以下悉大破、門顛倒云々、下人少々ウタレテ死云々、,京都,伏見城下,1596/9/5,慶長1/閏7/13,1596/9/5,慶長1/閏7/13,伝聞,建物被害,"34.937553,135.769515",135.769515,34.937553,3,,史料レベル：E
259,[古代・中世]地震・噴火史料データベース,文禄大地震記　醍醐寺三宝院蔵本,徳善院ヘ為見舞夜明テ遣之、徳善院所モ殿以下悉大破、門顛倒云々、下人少々ウタレテ死云々、,京都,伏見城下,1596/9/5,慶長1/閏7/13,1596/9/5,慶長1/閏7/13,伝聞,人的被害,"34.937553,135.769515",135.769515,34.937553,3,,史料レベル：E
260,[古代・中世]地震・噴火史料データベース,文禄大地震記　醍醐寺三宝院蔵本,御城番衆一庵法印、其外一到衆數多、門矢藏顛倒シテ材木ニウタレテ死去云々、,京都,伏見城下,1596/9/5,慶長1/閏7/13,1596/9/5,慶長1/閏7/13,伝聞,建物被害,"34.937553,135.769515",135.769515,34.937553,3,,史料レベル：E
261,[古代・中世]地震・噴火史料データベース,文禄大地震記　醍醐寺三宝院蔵本,御城番衆一庵法印、其外一到衆數多、門矢藏顛倒シテ材木ニウタレテ死去云々、,京都,伏見城下,1596/9/5,慶長1/閏7/13,1596/9/5,慶長1/閏7/13,伝聞,人的被害,"34.937553,135.769515",135.769515,34.937553,3,,史料レベル：E
262,[古代・中世]地震・噴火史料データベース,文禄大地震記　醍醐寺三宝院蔵本,大佛殿事、十四日、(霽、 | )夜中予罷向了、大佛本堂無為、聊モ不損、礎所ニ依テ二寸バカリニヱ入也、本尊ハ大破也、左ノ御手摧テ落ル、御胸同前、其外無為歟、,京都,大仏殿,1596/9/6,慶長1/閏7/14,1596/9/6,慶長1/閏7/14,,建物被害,"34.991455,135.773013",135.773013,34.991455,3,,史料レベル：E
263,[古代・中世]地震・噴火史料データベース,文禄大地震記　醍醐寺三宝院蔵本,中門無為、但四角柱少々裂バカリ也、其外聊以不損、先以珍重、三方ノ築地崩或顛倒、既以大石ユリ倒了、,京都,大仏殿,1596/9/6,慶長1/閏7/14,1596/9/6,慶長1/閏7/14,,建物被害,"34.991455,135.773013",135.773013,34.991455,3,,史料レベル：E
264,[古代・中世]地震・噴火史料データベース,文禄大地震記　醍醐寺三宝院蔵本,先食堂　講堂　灌頂院　南大門北八足門　東口門　食堂　中門　鐘樓　湯屋、凡此分顛倒、殊食堂ハ大師以來不改伽藍也、此度倒、愁涙千行々々、,京都,東寺,1596/9/6,慶長1/閏7/14,1596/9/6,慶長1/閏7/14,,建物被害,"34.983315,135.746126",135.746126,34.983315,3,,史料レベル：E
265,[古代・中世]地震・噴火史料データベース,文禄大地震記　醍醐寺三宝院蔵本,本尊モ定破裂シテアル覽、伽藍ノ倒タル體如山、寺家ノ諸役人モ、私宅悉倒タル故、無人テ取ヲキモ曾以不罷成由、寳嚴院物語、當年預也、,京都,東寺,1596/9/6,慶長1/閏7/14,1596/9/6,慶長1/閏7/14,,建物被害,"34.983315,135.746126",135.746126,34.983315,3,,史料レベル：E
266,[古代・中世]地震・噴火史料データベース,文禄大地震記　醍醐寺三宝院蔵本,塔婆　御影堂　鎭守　慶賀門　寳藏　不開門　灌頂院門二宇　西院四足門并唐門　穀屋内少々、此分無為、御影堂モ損了、然モ不顛倒、,京都,東寺,1596/9/6,慶長1/閏7/14,1596/9/6,慶長1/閏7/14,,建物被害,"34.983315,135.746126",135.746126,34.983315,3,,史料レベル：E
267,[古代・中世]地震・噴火史料データベース,文禄大地震記　醍醐寺三宝院蔵本,十五日、(小雨灑、 | )地震不休、如踏薄氷、,京都,京都,1596/9/7,慶長1/閏7/15,1596/9/7,慶長1/閏7/15,,余震,"35.011633,135.767970",135.76797,35.011633,2,便宜的に京都市役所に置く,史料レベル：E
268,[古代・中世]地震・噴火史料データベース,文禄大地震記　醍醐寺三宝院蔵本,伏見向野、(川中 | 也、)當春ヨリ御普請、石クラ等凡出來、地震ニ間余大地ヘユリ入リ云々、,京都,伏見向島ヵ,1596/9/7,慶長1/閏7/15,1596/9/7,慶長1/閏7/15,伝聞,地変？,"34.923915,135.767992",135.767992,34.923915,3,,史料レベル：E
269,[古代・中世]地震・噴火史料データベース,文禄大地震記　醍醐寺三宝院蔵本,去六月廿七日、砂降テ草木ノ葉如霜、無幾程今度大地震、凶事出來、諸人宅倒、萬人死、諸寺法祗、無殘所顛倒、佛法王法可滅盡前表歟、,京都,,1596/9/7,慶長1/閏7/15,,,,建物被害,,,,ｘ,,史料レベル：E
270,[古代・中世]地震・噴火史料データベース,文禄大地震記　醍醐寺三宝院蔵本,去六月廿七日、砂降テ草木ノ葉如霜、無幾程今度大地震、凶事出來、諸人宅倒、萬人死、諸寺法祗、無殘所顛倒、佛法王法可滅盡前表歟、,京都,,1596/9/7,慶長1/閏7/15,,,,人的被害,,,,ｘ,,史料レベル：E
271,[古代・中世]地震・噴火史料データベース,文禄大地震記　醍醐寺三宝院蔵本,十六日、霽、地震不休、昨日ヨリモ倍増ス、,京都,,1596/9/8,慶長1/閏7/16,1596/9/8,慶長1/閏7/16,,余震,,,,ｘ,,同月29日、翌月2日まで連日記録
272,[古代・中世]地震・噴火史料データベース,文禄大地震記　醍醐寺三宝院蔵本,諸伽藍及顛倒候へ共、鎭守御影堂堅固候之間、先以成安堵之思申候、,京都,東寺,1596/9/9,慶長1/閏7/17,1596/9/9,慶長1/閏7/17,,建物被害,"34.983315,135.746126",135.746126,34.983315,3,,史料レベル：E
273,[古代・中世]地震・噴火史料データベース,文禄大地震記　醍醐寺三宝院蔵本,愛《護》｛（宕）｝一山坊令悉顛倒、無殘所云々、諸大名茶壷摧テ成微塵了、近年當山ニ上置故也、,京都,愛宕山,1596/9/9,慶長1/閏7/17,1596/9/9,慶長1/閏7/17,伝聞,建物被害,"35.059996,135.634228",135.634228,35.059996,3,,史料レベル：E
274,[古代・中世]地震・噴火史料データベース,文禄大地震記　醍醐寺三宝院蔵本,高野山無為、安堵珍重、大塔九輪ノクサリ四筋共ニキルヽト云々、南部諸伽藍モ無為云々、,京都,高野山,1596/9/9,慶長1/閏7/17,,,伝聞,建物被害,"34.212105,135.582004",135.582004,34.212105,3,,史料レベル：E
275,[古代・中世]地震・噴火史料データベース,文禄大地震記　醍醐寺三宝院蔵本,天龍寺悉顛倒候了、,京都,天龍寺,1596/9/9,慶長1/閏7/17,,,,建物被害,"35.015690,135.673766",135.673766,35.01569,3,,史料レベル：E
276,[古代・中世]地震・噴火史料データベース,文禄大地震記　醍醐寺三宝院蔵本,嵯峨二尊院近年繁昌、是以顛倒候了、,京都,嵯峨二尊院,1596/9/9,慶長1/閏7/17,,,,建物被害,"35.021118,135.668814",135.668814,35.021118,3,,史料レベル：E
277,[古代・中世]地震・噴火史料データベース,文禄大地震記　醍醐寺三宝院蔵本,大覺寺門跡、御殿以下倒候了、,京都,大覚寺,1596/9/9,慶長1/閏7/17,,,,建物被害,"35.028268,135.677762",135.677762,35.028268,3,,史料レベル：E
278,[古代・中世]地震・噴火史料データベース,文禄大地震記　醍醐寺三宝院蔵本,東福寺、一寺凡無為、但二王門顛倒、其外少々倒歟、,京都,東福寺,1596/9/9,慶長1/閏7/17,,,,建物被害,"34.976498,135.774702",135.774702,34.976498,3,,史料レベル：E
279,[古代・中世]地震・噴火史料データベース,文禄大地震記　醍醐寺三宝院蔵本,泉涌寺無為云々、珍重、,京都,泉涌寺,1596/9/9,慶長1/閏7/17,,,伝聞,,"34.978135,135.781321",135.781321,34.978135,3,,史料レベル：E
280,[古代・中世]地震・噴火史料データベース,文禄大地震記　醍醐寺三宝院蔵本,卅三間堂無為、奇特々々、,京都,三十三間堂,1596/9/9,慶長1/閏7/17,,,,,"34.987851,135.768743",135.768743,34.987851,3,,史料レベル：E
281,[古代・中世]地震・噴火史料データベース,文禄大地震記　醍醐寺三宝院蔵本,清水寺無為、〓廻廊谷ヘ倒候了、,京都,清水寺,1596/9/9,慶長1/閏7/17,,,,,"34.994844,135.785059",135.785059,34.994844,3,,史料レベル：E
282,[古代・中世]地震・噴火史料データベース,文禄大地震記　醍醐寺三宝院蔵本,大佛ノ妙法院門跡廊倒、太閤御新造ノ廊也、,京都,妙法院,1596/9/9,慶長1/閏7/17,,,,建物被害,"34.990982,135.775973",135.775973,34.990982,3,,史料レベル：E
283,[古代・中世]地震・噴火史料データベース,文禄大地震記　醍醐寺三宝院蔵本,照高院、臺所少々損候了、其外ノ坊々大破候了、,京都,照高院,1596/9/9,慶長1/閏7/17,,,,建物被害,"35.033173,135.794983",135.794983,35.033173,3,,史料レベル：E
284,[古代・中世]地震・噴火史料データベース,文禄大地震記　醍醐寺三宝院蔵本,因幡堂過半倒云々、猶追て可尋記了、,京都,因幡堂（平等寺）ヵ,1596/9/9,慶長1/閏7/17,,,伝聞,建物被害,"34.999700, 135.760331",135.760331,34.9997,3,,史料レベル：E
285,[古代・中世]地震・噴火史料データベース,文禄大地震記　醍醐寺三宝院蔵本,六角堂無為歟、,京都,六角堂,1596/9/9,慶長1/閏7/17,,,,,"35.007659,135.760326",135.760326,35.007659,3,,史料レベル：E
286,[古代・中世]地震・噴火史料データベース,文禄大地震記　醍醐寺三宝院蔵本,其外京都浄土寺、法花寺、悉瓦葺分顛倒、,京都,浄土院（浄土宗寺院のことヵ）,1596/9/9,慶長1/閏7/17,,,,建物被害,,,,ｘ,,史料レベル：E
287,[古代・中世]地震・噴火史料データベース,文禄大地震記　醍醐寺三宝院蔵本,其外京都浄土寺、法花寺、悉瓦葺分顛倒、,京都,法花寺（日蓮宗寺院のことヵ）,1596/9/9,慶長1/閏7/17,,,,建物被害,,,,ｘ,,史料レベル：E
288,[古代・中世]地震・噴火史料データベース,文禄大地震記　醍醐寺三宝院蔵本,傳聞、禁裏御對屋、(并 | )女御々座殿、(并 | )御臺所以下ノ瓦、悉ヲロスト云々、今度地震ニ顛倒、瓦葺ノ故ト云々、諸方此分也、伏見御城モ瓦葺御禁制御觸云々、,京都,内裏,1596/9/10,慶長1/閏7/18,,,伝聞,建物被害,"35.022967, 135.759180",135.75918,35.022967,3,,史料レベル：E
289,[古代・中世]地震・噴火史料データベース,中山家記　閣本,後七、十九丑、(晴、 | )此暁地震甚者也、夜中兩三度許以外動了、,京都,京都,1596/9/11,文禄5/閏7/19,1596/9/11,文禄5/閏7/19,,余震,"35.011633,135.767970",135.76797,35.011633,2,便宜的に京都市役所に置く,"史料レベル：E　
家記、是月十九日、以前ハ散逸セリ、
同月～24日、26日、その後8/9/10月にわたって記録あり"
290,[古代・中世]地震・噴火史料データベース,細川家記,閏七月十二日、畿内大地震、子の刻比よりゆり出し、大地裂け、水涌出、,―,畿内,,,1596/9/4,文禄5/閏7/12,,液状化,,,,0,,史料レベル：E
291,[古代・中世]地震・噴火史料データベース,細川家記,京伏見の家々數多ゆり崩じ、死亡の者數を知らず、,―,京都・伏見,,,1596/9/4,文禄5/閏7/12,,建物被害,"35.011633,135.767970",135.76797,35.011633,2,便宜的に京都市役所に置く,史料レベル：E
292,[古代・中世]地震・噴火史料データベース,細川家記,京伏見の家々數多ゆり崩じ、死亡の者數を知らず、,―,京都・伏見,,,1596/9/4,文禄5/閏7/12,,人的被害,"35.011633,135.767970",135.76797,35.011633,2,便宜的に京都市役所に置く,史料レベル：E
293,[古代・中世]地震・噴火史料データベース,細川家記,洛陽大佛の像なども破裂く、,―,大仏殿,,,1596/9/4,文禄5/閏7/12,,建物被害,"34.991455,135.773013",135.773013,34.991455,3,,史料レベル：E
294,[古代・中世]地震・噴火史料データベース,細川家記,就中伏見城内の地震強して、殿屋倒れ崩れ、上臈女房七十三人、中居下女の類五百餘人横死し由也、,―,伏見城,,,1596/9/4,文禄5/閏7/12,,建物被害,"34.931403,135.772782",135.772782,34.931403,3,,史料レベル：E
295,[古代・中世]地震・噴火史料データベース,細川家記,就中伏見城内の地震強して、殿屋倒れ崩れ、上臈女房七十三人、中居下女の類五百餘人横死し由也、,―,伏見城,,,1596/9/4,文禄5/閏7/12,,人的被害,"34.931403,135.772782",135.772782,34.931403,3,,史料レベル：E
296,[古代・中世]地震・噴火史料データベース,慶長甲寅之記,慶長元年申ノ《七月》｛（閏脱カ）｝十《三》｛（二カ）｝日之夜丑ノ下剋、伏見中大地震、太閤も伏見に御座候、殿守御殿淀川ゑ悉動崩し、土《井》｛（居）｝石垣も大かたゆりくずし申、,―,伏見城,,,1596/9/5,慶長1/閏7/13,,建物被害,"34.931403,135.772782",135.772782,34.931403,3,,史料レベル：E
297,[古代・中世]地震・噴火史料データベース,慶長甲寅之記,、諸大名之屋敷より死人の出候事、其限も無御座候、,―,伏見城下,,,1596/9/5,慶長1/閏7/13,,人的被害,"34.937553,135.769515",135.769515,34.937553,3,,史料レベル：E
298,[古代・中世]地震・噴火史料データベース,慶長甲寅之記,權現樣御屋敷にても、か〓爪備前守、淺野一庵 （注：(○本書、 | 一庵を)(家康ノ家臣ト為セリ、ト齋覺書及ビ木村又藏覺書記載ト合ハズ、恐クハ | 非ナラン、〓シ又藏覺書、一庵ノ姓氏ヲ横濱ニ作リ、本書ト違フ、未タ孰レ)(ガ是ナルヲ | 詳ラカニセズ、) ）動殺され申候、,―,伏見城下（家康邸）,,,1596/9/5,慶長1/閏7/13,,人的被害,"34.937553,135.769515",135.769515,34.937553,3,,史料レベル：E
299,[古代・中世]地震・噴火史料データベース,慶長甲寅之記,其外少身の者は貮百人餘程も果候由に候、,―,伏見城下,,,1596/9/5,慶長1/閏7/13,,人的被害,"34.937553,135.769515",135.769515,34.937553,3,,史料レベル：E
300,[古代・中世]地震・噴火史料データベース,慶長甲寅之記,伏見城中は石垣共に不殘くずし申候間、,―,伏見城,,,1596/9/5,慶長1/閏7/13,,建物被害,"34.931403,135.772782",135.772782,34.931403,3,,史料レベル：E
301,[古代・中世]地震・噴火史料データベース,木村又蔵覚書,就中五畿大分ゆり候て、京、大坂、伏見、其外在々所々の家、一宇も不殘たおれ申候に付て、おしにうたれ死するもの、いかほど〓云數を不知、,―,畿内,,,1596/8/5,慶長1/7/12,,建物被害,,,,0,,史料レベル：E
302,[古代・中世]地震・噴火史料データベース,木村又蔵覚書,就中五畿大分ゆり候て、京、大坂、伏見、其外在々所々の家、一宇も不殘たおれ申候に付て、おしにうたれ死するもの、いかほど〓云數を不知、,―,畿内,,,1596/8/5,慶長1/7/12,,人的被害,,,,0,,史料レベル：E
303,[古代・中世]地震・噴火史料データベース,参陽実録,慶長元年閏七月廿二日 （注：(○十二 | 日ノ誤) ）大地震、伏見ノ城隍石壁殿閣等悉ク崩破シテ、壓死スル者其數夥シ云々、,―,伏見城,,,1596/9/4,文禄5/閏7/12,,建物被害,"34.931403,135.772782",135.772782,34.931403,3,,史料レベル：E
304,[古代・中世]地震・噴火史料データベース,参陽実録,慶長元年閏七月廿二日 （注：(○十二 | 日ノ誤) ）大地震、伏見ノ城隍石壁殿閣等悉ク崩破シテ、壓死スル者其數夥シ云々、,―,伏見城,,,1596/9/4,文禄5/閏7/12,,人的被害,"34.931403,135.772782",135.772782,34.931403,3,,史料レベル：E
305,[古代・中世]地震・噴火史料データベース,朝鮮太平記,慶長元年《七》｛（閏脱カ）｝月十二日ノ大地震ニ、洛中洛外ハ云フニ及バズ、五畿内ニ在ル處ノ神社佛閣ノ崩レヌルコト、數ヲ知ラズ、,―,畿内,,,1596/9/4,文禄5/閏7/12,,建物被害,,,,0,,史料レベル：E
306,[古代・中世]地震・噴火史料データベース,朝鮮太平記,中ニモ去ル天正十六年、豊臣秀吉公ノ御建立アリシ、洛東大佛殿方廣寺崩レ倒レ、十六丈ノ盧舍那佛ノ像、悉ク破裂シヌ、,―,大仏殿,,,1596/9/4,文禄5/閏7/12,,建物被害,"34.991455,135.773013",135.773013,34.991455,3,,史料レベル：E
307,[古代・中世]地震・噴火史料データベース,近江栗田郡誌,慶長元年閏七月大地震、當村 （注：(○葉 | 山村) ）山手沙川破烈而泥水湧出半日ニ及ブ、,―,葉山村,,,1596/9/,慶長1/閏7/,,液状化,"35.021886,136.010890",136.01089,35.021886,3,,史料レベル：E
308,[古代・中世]地震・噴火史料データベース,近江栗田郡誌,人家多損、人死十四人、,―,葉山村,,,1596/9/,慶長1/閏7/,,建物被害,"35.021886,136.010890",136.01089,35.021886,3,,史料レベル：E
309,[古代・中世]地震・噴火史料データベース,近江栗田郡誌,人家多損、人死十四人、,―,葉山村,,,1596/9/,慶長1/閏7/,,人的被害,"35.021886,136.010890",136.01089,35.021886,3,,史料レベル：E
310,[古代・中世]地震・噴火史料データベース,近江栗田郡誌,當院 （注：(○福 | 生寺) ）舊地破損、,―,福正寺ヵ,,,1596/9/,慶長1/閏7/,,,"35.025266, 136.018454",136.018454,35.025266,3,,史料レベル：E
311,[古代・中世]地震・噴火史料データベース,神戸市史,然れども兵庫の繁昌は秀吉の大阪築城によりて影響せられしのみならず、慶長元年には震災を蒙り、且海嘯の襲ふ所となりて、一時は殆ど全滅に瀕したることあり、 （注：(○慶七松、海〓録、 | （海行總載、二) ）,―,兵庫,,,,,,津波被害,"34.680644,135.165385",135.165385,34.680644,2,便宜的に兵庫区役所に置く,史料レベル：E
312,[古代・中世]地震・噴火史料データベース,国祖遺言○金沢市立玉川図書館所蔵本,一、伏見大地しんの時御城もゆりくづし候刻,―,伏見城,―,―,―,―,,建物被害,"34.931403,135.772782",135.772782,34.931403,3,,史料レベル：E
313,[古代・中世]地震・噴火史料データベース,国祖遺言○金沢市立玉川図書館所蔵本,計地しんゆゑ日本の侍立伏見御屋形をくつし死人多候處に主計殿仕合能候事うき世の中の不知事と申慣候,―,伏見城,―,―,―,―,,建物被害,"34.931403,135.772782",135.772782,34.931403,3,,史料レベル：E
314,[古代・中世]地震・噴火史料データベース,日本大地震説○服部氏著,西暦千五百八十六年（(恐クハ千五百九十六 | 年ノ誤ナランカ)）日本地大ヒニ震ヒ、其ノ揺動スル京師ニテハ大約四十日間、,―,京都,―,―,1596,―,,余震,"35.011633,135.767970",135.76797,35.011633,2,便宜的に京都市役所に置く,史料レベル：E
315,[古代・中世]地震・噴火史料データベース,日本大地震説○服部氏著,此ノ災難ノ為メニ被リタル損失ノ大略ヲ示サンニ、堺ニテハ舎屋ノ破壞スルモノ六十餘軒、,―,堺,―,―,1596,―,,建物被害,"34.573263,135.482744",135.482744,34.573263,2,便宜的に堺市役所に置く,史料レベル：E
316,[古代・中世]地震・噴火史料データベース,日本大地震説○服部氏著,堺ニテハ舎屋ノ破壞スルモノ六十餘軒、長濱ニテハ千餘軒、,―,長浜,―,―,1596,―,,建物被害,"35.380793,136.278577",136.278577,35.380793,2,便宜的に長浜市役所に置く,史料レベル：E
317,[古代・中世]地震・噴火史料データベース,日本大地震説○服部氏著,京都ニテハ有名ノ大佛ヲ始トシ、社寺堂宇ノ破損スルモノ數多、,―,大仏殿,―,―,1596,―,,建物被害,"34.991455,135.773013",135.773013,34.991455,3,,史料レベル：E
318,[古代・中世]地震・噴火史料データベース,日本大地震説○服部氏著,京都ニテハ有名ノ大佛ヲ始トシ、社寺堂宇ノ破損スルモノ數多、,―,京都,―,―,1596,―,,建物被害,"35.011633,135.767970",135.76797,35.011633,2,便宜的に京都市役所に置く,史料レベル：E
319,[古代・中世]地震・噴火史料データベース,日本大地震説○服部氏著,又若狹ノ國ハ津浪ヲ被リタリ、,―,若狭,―,―,1596,―,,津波被害,"35.495600,135.746641",135.746641,35.4956,1,便宜的に小浜市役所に置く,史料レベル：E
320,[古代・中世]地震・噴火史料データベース,日本大地震説○服部氏著,而シテ茲ニ最モ竒ナルハ美濃ノ大垣城丘陵ヨリ遷移シテ近傍ノ沼ヲ埋ムト云フ、然ルニ他處ハ之レニ反シ數多ノ沼ヲ顯出シ、其ノ積大ヒナル銃丸ノ能ク前岸ニ達シ得サル程ナリシ云々、,―,美濃,―,―,1596,―,,,"35.359822,136.612769",136.612769,35.359822,1,便宜的に大垣市役所に置く,史料レベル：E
321,[古代・中世]地震・噴火史料データベース,アジアの記録,半時間足らずで悉く壞滅し、征服し、他の廢墟を眺められる邸宅も殆んど殘さず、大部分が廢墟であるやうに、震はし燒いたのであつた。,―,伏見城,―,―,―,―,,建物被害？,"34.931403,135.772782",135.772782,34.931403,3,,史料レベル：E
322,[古代・中世]地震・噴火史料データベース,アジアの記録,それから十五日夜、即ち八月六日の夜、地震が始まつて一ヶ月以上つゞいた。休んだり、又強くなつたりしながら。,―,,―,―,―,―,,余震,,,,ｘ,,史料レベル：E
323,[古代・中世]地震・噴火史料データベース,アジアの記録,潮流の最も迅い下關海峽では海がすつかり干からびた。,―,下関(佐賀関下浦）,―,―,―,―,,,"33.196529,131.857594",131.857594,33.196529,3,佐賀関の下関（下浦）をフロイスが勘違いしたものか,史料レベル：E
324,[古代・中世]地震・噴火史料データベース,アジアの記録,ほかでは、豊後の海岸で、無數の大嵐が、颱風に荒れ狂ふ怒濤もかつて此れ程にはなかつたやうに大きな波濤を上げた。そしてその寄せては返す力と飛沫とで陸地内一マイル半も濡らした。それはしばしも止まらなかつたが、同様のことは幾多の城内や各邸内で樹木を、すつかり根こそぎにして、木工に最も適するものとして、その木は束になつて了つた。川々もまた火で沸ぎるやうに奔騰し、多くは海の増水によつてどつと推進されて逆流した。,―,豊後,―,―,―,―,,津波被害？,"33.239423,131.609666",131.609666,33.239423,1,便宜的に大分市役所に置く,史料レベル：E
325,[古代・中世]地震・噴火史料データベース,アジアの記録,川々以上に、比叡の山の大湖水（琵琶湖）は際限なく溢れた、まつたく、あらゆる岸をこぼれて海のやうに擴大した。,―,琵琶湖,―,―,―,―,,水害？,"35.275895,136.097260",136.09726,35.275895,2,,史料レベル：E
326,[古代・中世]地震・噴火史料データベース,アジアの記録,死体及び海の溺死者（夥しい材木があつたので、地震が起したあの狂瀾の中に皆その下になつたからである）それから自分の家の下敷になつて殺傷された者、そして、夜起つて半時間續いたあの最初の最もひどいやつにやられたものなど、その數はわからない。伏見のだけは、それが多數であつたこと、すべての死體を悪臭を發する前にやくことが出來ず、海に埋葬するために川に投げこんだのと深い溝に入れたのとあつて、それが山を成したことが記憶されてゐる。,―,伏見,―,―,―,―,,人的被害,"34.936230,135.761447",135.761447,34.93623,2,便宜的に伏見区役所に置く,史料レベル：E
327,[古代・中世]地震・噴火史料データベース,アジアの記録,都や伏見や大阪にあつた彼の美と偉大さをもつた宮殿はこと〓く破損した。そして特にひどかつたのはあの有名な大佛であつた。,―,京都,―,―,―,―,,建物被害,"35.011633,135.767970",135.76797,35.011633,2,便宜的に京都市役所に置く,史料レベル：E
328,[古代・中世]地震・噴火史料データベース,アジアの記録,都や伏見や大阪にあつた彼の美と偉大さをもつた宮殿はこと〓く破損した。そして特にひどかつたのはあの有名な大佛であつた。,―,伏見城,―,―,―,―,,建物被害,"34.931403,135.772782",135.772782,34.931403,3,,史料レベル：E
329,[古代・中世]地震・噴火史料データベース,アジアの記録,都や伏見や大阪にあつた彼の美と偉大さをもつた宮殿はこと〓く破損した。そして特にひどかつたのはあの有名な大佛であつた。,―,大坂城,―,―,―,―,,建物被害,"34.686328,135.526125",135.526125,34.686328,3,,史料レベル：E
330,[古代・中世]地震・噴火史料データベース,アジアの記録,都や伏見や大阪にあつた彼の美と偉大さをもつた宮殿はこと〓く破損した。そして特にひどかつたのはあの有名な大佛であつた。,―,大仏殿,―,―,―,―,,建物被害,"34.991455,135.773013",135.773013,34.991455,3,,史料レベル：E
331,[古代・中世]地震・噴火史料データベース,再造藩邦志,去月初八日 （注：(○明暦八月八日、日 | 本暦閏七月十三日、) ）日本國都近所諸郡地震、無日無之、關伯 （注：(○秀 | 吉) ）所處之家、亦皆壞〓、關伯方在五層樓上不意地震、傾倒壞毀、,―,伏見城,―,―,1596/9/5,文禄5/閏7/13,,建物被害,"34.991455,135.773013",135.773013,34.991455,3,,史料レベル：E
332,[古代・中世]地震・噴火史料データベース,再造藩邦志,關伯方在五層樓上不意地震、傾倒壞毀、其中宮女四百餘人盡壓死、關伯僅以自免、,―,伏見城,―,―,1596/9/5,文禄5/閏7/13,,人的被害,"34.991455,135.773013",135.773013,34.991455,3,,史料レベル：E
333,[古代・中世]地震・噴火史料データベース,再造藩邦志,兩天使（揚方亨、沈惟敬）所館亦壞、天使扶出僅免、,―,,―,―,1596/9/5,文禄5/閏7/13,,建物被害,,,,ｘ,,史料レベル：E
334,[古代・中世]地震・噴火史料データベース,再造藩邦志,揚天使千總金嘉猶、沈天使票下朱壁、及家丁四名皆死、,―,,―,―,1596/9/5,文禄5/閏7/13,,人的被害,,,,ｘ,,史料レベル：E
335,[古代・中世]地震・噴火史料データベース,南都年代記「奈良市史編集審議会会報第二付録」 ,興福寺仏閣顛倒北京大仏殿崩仏像破壊ス,―,興福寺,―,―,1596/9/4,慶長1/閏7/12,,建物被害,"34.683511,135.831189",135.831189,34.683511,3,,史料レベル：E
336,[古代・中世]地震・噴火史料データベース,南都年代記「奈良市史編集審議会会報第二付録」 ,興福寺仏閣顛倒北京大仏殿崩仏像破壊ス,―,大仏殿ヵ,―,―,1596/9/4,慶長1/閏7/12,,建物被害,"34.991455,135.773013",135.773013,34.991455,3,,史料レベル：E
337,[古代・中世]地震・噴火史料データベース,慶長日記,《十二》｛（ママ）｝日丁未大地震諸国民屋令破倒江〓野須郡蒲生郡甲賀郡山々大半崩其音如二千雷落一也,―,江州甲賀郡,―,―,―,―,,地変？,"35.466479,136.348819",136.348819,35.466479,3,,史料レベル：E
338,[古代・中世]地震・噴火史料データベース,慶長日記,《十二》｛（ママ）｝日丁未大地震諸国民屋令破倒江〓野須郡蒲生郡甲賀郡山々大半崩其音如二千雷落一也,―,江州野洲郡,―,―,―,―,,地変？,"35.063889,136.007126",136.007126,35.063889,3,,史料レベル：E
339,[古代・中世]地震・噴火史料データベース,慶長日記,《十二》｛（ママ）｝日丁未大地震諸国民屋令破倒江〓野須郡蒲生郡甲賀郡山々大半崩其音如二千雷落一也,―,江州蒲生郡,―,―,―,―,,地変？,"35.146061,136.126755",136.126755,35.146061,3,,史料レベル：E
340,[古代・中世]地震・噴火史料データベース,伊達治家記録　二,閏七月丙申小十二日丁丑、夜半地大ニ震ス。土裂ケ、水湧ク。,―,,―,―,1596/9/4,慶長1/閏7/12,,液状化,,,,ｘ,,史料レベル：E
341,[古代・中世]地震・噴火史料データベース,伊達治家記録　二,京都・伏見ノ大厦巨宅并ニ民屋等倒破ル。死スル者甚タ多シ。,―,伏見,―,―,1596/9/4,慶長1/閏7/12,,建物被害,"34.936230,135.761447",135.761447,34.93623,2,便宜的に伏見区役所に置く,史料レベル：E
342,[古代・中世]地震・噴火史料データベース,伊達治家記録　二,京都・伏見ノ大厦巨宅并ニ民屋等倒破ル。死スル者甚タ多シ。,―,伏見,―,―,1596/9/4,慶長1/閏7/12,,人的被害,"34.936230,135.761447",135.761447,34.93623,2,便宜的に伏見区役所に置く,史料レベル：E
343,[古代・中世]地震・噴火史料データベース,伊達治家記録　二,大閤向島ニ御城ヲ築キ玉ヒ、過半成就ス。然ルニ今夜ノ地震ニ、彼城ノ殿守崩レ、御殿モ破壊シ、城内ニ於テ男女五十余人圧死ス。,―,伏見城,―,―,1596/9/4,慶長1/閏7/12,,建物被害,"34.991455,135.773013",135.773013,34.991455,3,,史料レベル：E
344,[古代・中世]地震・噴火史料データベース,伊達治家記録　二,大閤向島ニ御城ヲ築キ玉ヒ、過半成就ス。然ルニ今夜ノ地震ニ、彼城ノ殿守崩レ、御殿モ破壊シ、城内ニ於テ男女五十余人圧死ス。,―,伏見城,―,―,1596/9/4,慶長1/閏7/12,,人的被害,"34.991455,135.773013",135.773013,34.991455,3,,史料レベル：E
345,[古代・中世]地震・噴火史料データベース,伊達治家記録　二,此地ハ、宇治川立廻リ、地形窪キ処ナリ、故ニ石垣ヲ震入レ、御殿ヲ震倒スル事甚シ。,―,伏見城,―,―,1596/9/4,慶長1/閏7/12,,建物被害,"34.991455,135.773013",135.773013,34.991455,3,,史料レベル：E
346,[古代・中世]地震・噴火史料データベース,伊達治家記録　二,普請ノ者共数多死ス。因テ此城再ヒ御営構アルモ不レ可レ然ト殿下思召サレ土木ノ事ヲ止メ玉フト云云。,―,伏見城,―,―,1596/9/4,慶長1/閏7/12,,人的被害,"34.991455,135.773013",135.773013,34.991455,3,,史料レベル：E
347,[古代・中世]地震・噴火史料データベース,皇年代記,慶長元年閏七月十二日亥刻大地震、興福寺仏閣顛倒、,―,興福寺,―,―,1596/9/4,慶長1/閏7/12,,建物被害,"34.683511,135.831189",135.831189,34.683511,3,,史料レベル：E
348,[古代・中世]地震・噴火史料データベース,皇年代記,慶長元年閏七月十二日亥刻大地震、興福寺仏閣顛倒、伏見天守諸殿顛倒、,―,伏見城,―,―,1596/9/4,慶長1/閏7/12,,建物被害,"34.991455,135.773013",135.773013,34.991455,3,,史料レベル：E
349,[古代・中世]地震・噴火史料データベース,皇年代記,北京大仏殿崩、仏像破壊ス,―,大仏殿ヵ,―,―,1596/9/4,慶長1/閏7/12,,建物被害,"34.991455,135.773013",135.773013,34.991455,3,,史料レベル：E
350,[古代・中世]地震・噴火史料データベース,太祖公済美録　七,慶長元年閏七月十二日夜子ノ刻五《幾》｛（マ丶）｝内大《震地神社》｛本のまま｝仏閣大廈巨宅悉ク敗壊シ,―,畿内,―,―,1596/9/4,慶長1/閏7/12,,建物被害,,,,0,,史料レベル：E
351,[古代・中世]地震・噴火史料データベース,太祖公済美録　七,伏見ノ殿舎顛倒シ土裂水湧出ス上臈女房七十三人奴婢五百余人圧死,―,伏見城,―,―,1596/9/4,慶長1/閏7/12,,建物被害,"34.991455,135.773013",135.773013,34.991455,3,,史料レベル：E
352,[古代・中世]地震・噴火史料データベース,太祖公済美録　七,伏見ノ殿舎顛倒シ土裂水湧出ス上臈女房七十三人奴婢五百余人圧死,―,伏見城,―,―,1596/9/4,慶長1/閏7/12,,人的被害,"34.991455,135.773013",135.773013,34.991455,3,,史料レベル：E
353,[古代・中世]地震・噴火史料データベース,太祖公済美録　七,伏見ノ殿舎顛倒シ土裂水湧出ス上臈女房七十三人奴婢五百余人圧死,―,伏見城,―,―,1596/9/4,慶長1/閏7/12,,液状化,"34.991455,135.773013",135.773013,34.991455,3,,史料レベル：E
354,[古代・中世]地震・噴火史料データベース,太祖公済美録　七,神君ノ櫓門顛倒シテ加々爪隼人政尚圧死ス,―,伏見城下（家康邸）,―,―,1596/9/4,慶長1/閏7/12,,建物被害,"34.937553,135.769515",135.769515,34.937553,3,,史料レベル：E
355,[古代・中世]地震・噴火史料データベース,太祖公済美録　七,神君ノ櫓門顛倒シテ加々爪隼人政尚圧死ス,―,伏見城下（家康邸）,―,―,1596/9/4,慶長1/閏7/12,,人的被害,"34.937553,135.769515",135.769515,34.937553,3,,史料レベル：E
356,[古代・中世]地震・噴火史料データベース,太祖公済美録　七,殿舎最モ大破セシム愛宕山坊舎悉ク顛倒ス,―,愛宕山,―,―,1596/9/4,慶長1/閏7/12,,建物被害,"35.059996,135.634228",135.634228,35.059996,3,,史料レベル：E
357,[古代・中世]地震・噴火史料データベース,太祖公済美録　七,此年伏見大地震ノ前長政例ノ閉門ニテ被居シ)(処ニ大地震故其儘登城候ヘハ秀吉モ政所殿モ（此時政所殿ハ大坂ニ在トモ | 云）出エラレス徘徊シヲワシマスヲ長政寝間ニ入夫婦ヲ両ノ肩ニ懸ケ庭エ被)(出シ跡ニテ座敷破損セシト也,―,伏見城,―,―,1596/9/5,慶長1/閏7/13,,建物被害,"34.991455,135.773013",135.773013,34.991455,3,,史料レベル：E
358,[古代・中世]地震・噴火史料データベース,耶蘇会日本年報,九月四日当市に於て恐ろしき大地震あり約三時間が程絶え間なく続けり。この間目に映るものとては、ただ人家壁屋根或は異教徒の寺院その他建物の倒壊する悽惨なる光景のみ。,堺,堺,1596/12/28,慶長1/11/9,1596/9/4,慶長1/閏7/12,,建物被害,"34.573263,135.482744",135.482744,34.573263,2,便宜的に堺市役所に置く,史料レベル：E
359,[古代・中世]地震・噴火史料データベース,耶蘇会日本年報,翌朝になりて見れば、数多の街路の交叉せる大通を除きては通といふ通は総て狭きが故に、到る処に倒壊せる家屋木材屋根石塀などの為に塞がれ、通行することも出来ぬ有様なり。,堺,堺,1596/12/28,慶長1/11/9,1596/9/4,慶長1/閏7/12,,建物被害,"34.573263,135.482744",135.482744,34.573263,2,便宜的に堺市役所に置く,史料レベル：E
360,[古代・中世]地震・噴火史料データベース,耶蘇会日本年報,当時ドン・プロタシオ・有馬殿は堺にあり、支那の使臣を訪ねんとて早朝出で行きしが、その家の前の道は倒壊せる壁によりて塞がり、その上には数限りなく木片瓦重りて、行くこと能はず、止むなく家に引き返へせり。,堺,堺,1596/12/28,慶長1/11/9,1596/9/4,慶長1/閏7/12,,建物被害,"34.573263,135.482744",135.482744,34.573263,2,便宜的に堺市役所に置く,史料レベル：E
361,[古代・中世]地震・噴火史料データベース,耶蘇会日本年報,イゥケキ（沈惟敬）の支那従者の死せるもの二十人以上なるを知れり。而してその後ある書翰により堺市にて死せる者六百人以上なることを知れり。,堺,堺,1596/12/28,慶長1/11/9,1596/9/4,慶長1/閏7/12,,人的被害,"34.573263,135.482744",135.482744,34.573263,2,便宜的に堺市役所に置く,史料レベル：E
362,[古代・中世]地震・噴火史料データベース,地震雑纂○狩野文庫,慶長元年閏七月十二日子刻大地震土裂水出京都伏見の大厦巨宅及民屋破れて死人数を知らす,―,京都,―,―,1596/9/4,慶長1/閏7/12,,液状化,"35.011633,135.767970",135.76797,35.011633,2,便宜的に京都市役所に置く,　史料レベル：E(松平家忠日記追加)
363,[古代・中世]地震・噴火史料データベース,地震雑纂○狩野文庫,慶長元年閏七月十二日子刻大地震土裂水出京都伏見の大厦巨宅及民屋破れて死人数を知らす,―,伏見,―,―,1596/9/4,慶長1/閏7/12,,建物被害,"34.936230,135.761447",135.761447,34.93623,2,便宜的に伏見区役所に置く,史料レベル：E(松平家忠日記追加)
364,[古代・中世]地震・噴火史料データベース,地震雑纂○狩野文庫,慶長元年閏七月十二日子刻大地震土裂水出京都伏見の大厦巨宅及民屋破れて死人数を知らす,―,伏見,―,―,1596/9/4,慶長1/閏7/12,,人的被害,"34.936230,135.761447",135.761447,34.93623,2,便宜的に伏見区役所に置く,史料レベル：E(松平家忠日記追加)
365,[古代・中世]地震・噴火史料データベース,地震雑纂○狩野文庫,洛陽大仏殿崩れ仏像破す,―,大仏殿,―,―,1596/9/4,慶長1/閏7/12,,建物被害,"34.991455,135.773013",135.773013,34.991455,3,,　史料レベル：E(松平家忠日記追加)
366,[古代・中世]地震・噴火史料データベース,地震雑纂○狩野文庫,伏見城殿舎倒崩る是に依て上臈女房七十三人中居下女五百余人横死す秀吉ハ恙なし,―,伏見城,―,―,1596/9/4,慶長1/閏7/12,,建物被害,"34.991455,135.773013",135.773013,34.991455,3,,史料レベル：E(松平家忠日記追加)
367,[古代・中世]地震・噴火史料データベース,地震雑纂○狩野文庫,伏見城殿舎倒崩る是に依て上臈女房七十三人中居下女五百余人横死す秀吉ハ恙なし,―,伏見城,―,―,1596/9/4,慶長1/閏7/12,,人的被害,"34.991455,135.773013",135.773013,34.991455,3,,史料レベル：E(松平家忠日記追加)
368,[古代・中世]地震・噴火史料データベース,地震雑纂○狩野文庫,公（東照宮）の御館門楼破倒して御家人加々爪隼人正死す,―,伏見城下（家康邸）,―,―,1596/9/4,慶長1/閏7/12,,建物被害,"34.937553,135.769515",135.769515,34.937553,3,,史料レベル：E(松平家忠日記追加)
369,[古代・中世]地震・噴火史料データベース,地震雑纂○狩野文庫,公（東照宮）の御館門楼破倒して御家人加々爪隼人正死す,―,伏見城下（家康邸）,―,―,1596/9/4,慶長1/閏7/12,,人的被害,"34.937553,135.769515",135.769515,34.937553,3,,史料レベル：E(松平家忠日記追加)
370,[古代・中世]地震・噴火史料データベース,地震雑纂○狩野文庫,愛宕山の坊舎こと／＼く顛倒して此山に上け置所の諸家の名物の茶壺皆おし損して紛失す　(松平家忠日記追加),―,愛宕山,―,―,1596/9/4,慶長1/閏7/12,,建物被害,"35.059996,135.634228",135.634228,35.059996,3,,　史料レベル：E(松平家忠日記追加)
371,[古代・中世]地震・噴火史料データベース,地震雑纂○狩野文庫,○慶長元年閏七月十二日の夜京都大地震有之土裂水湧て,―,京都,―,―,1596/9/4,慶長1/閏7/12,,液状化,"35.011633,135.767970",135.76797,35.011633,2,便宜的に京都市役所に置く,史料レベル：E(東遷基業 | )
372,[古代・中世]地震・噴火史料データベース,地震雑纂○狩野文庫,京都大地震有之土裂水湧て伏見城中殿舎悉く倒れ侍女碑妾死する者五百七十余人也,―,伏見城,―,―,1596/9/4,慶長1/閏7/12,,建物被害,"34.991455,135.773013",135.773013,34.991455,3,,史料レベル：E(東遷基業 | )
373,[古代・中世]地震・噴火史料データベース,地震雑纂○狩野文庫,神君の第にても門楼顛倒して加々爪隼人正圧にうたれて死けり　(東遷基業 | ),―,伏見城下（家康邸）,―,―,1596/9/4,慶長1/閏7/12,,人的被害,"34.937553,135.769515",135.769515,34.937553,3,,史料レベル：E(東遷基業 | )
374,[古代・中世]地震・噴火史料データベース,地震雑纂○狩野文庫,○慶長元年閏七月十二日大地震伏見の城石壁垣殿閣等悉く破却して圧死するもの多し,―,伏見城,―,―,1596/9/4,慶長1/閏7/12,,建物被害,"34.991455,135.773013",135.773013,34.991455,3,,史料レベル：E(慶長記 | )
375,[古代・中世]地震・噴火史料データベース,地震雑纂○狩野文庫,○慶長元年閏七月十二日大地震伏見の城石壁垣殿閣等悉く破却して圧死するもの多し,―,伏見城,―,―,1596/9/4,慶長1/閏7/12,,人的被害,"34.991455,135.773013",135.773013,34.991455,3,,史料レベル：E(慶長記 | )
376,[古代・中世]地震・噴火史料データベース,地震雑纂○狩野文庫,此大地震に城中の侍女等多く死,―,伏見城,―,―,1596/9/4,慶長1/閏7/12,,人的被害,"34.991455,135.773013",135.773013,34.991455,3,,史料レベル：E(慶長記 | )
377,[古代・中世]地震・噴火史料データベース,地震雑纂○狩野文庫,同地震に洛東の大仏殿破損し仏像も破裂す,―,大仏殿,―,―,1596/9/4,慶長1/閏7/12,,建物被害,"34.991455,135.773013",135.773013,34.991455,3,,史料レベル：E(慶長記 | )
378,[古代・中世]地震・噴火史料データベース,地震雑纂○狩野文庫,○慶長元年七月十二日の夜二三百年以来つひにおほえさるほとの大地震洛中ハ申に及はす五畿内悉くゆり京大坂在々所々の民家一宇も残らす倒れたり押にうたれ死するもの数をしらす,―,京都・大阪,―,―,1596/9/4,慶長1/閏7/12,,建物被害,,,,0,,史料レベル：E高麗陣日記
379,[古代・中世]地震・噴火史料データベース,地震雑纂○狩野文庫,○慶長元年七月十二日の夜二三百年以来つひにおほえさるほとの大地震洛中ハ申に及はす五畿内悉くゆり京大坂在々所々の民家一宇も残らす倒れたり押にうたれ死するもの数をしらす,―,京都・大阪,―,―,1596/9/4,慶長1/閏7/12,,人的被害,,,,0,,史料レベル：E高麗陣日記
380,[古代・中世]地震・噴火史料データベース,地震雑纂○狩野文庫,後陽成院御宇慶長元年丙申七月十二日の夜子午の時大地震して諸国以ての外といへとも別して五畿内甚しく洛陽の中死人の数四万五千其余は其数を知らす,―,京都,―,―,1596/9/4,慶長1/閏7/12,,人的被害,"35.011633,135.767970",135.76797,35.011633,2,便宜的に京都市役所に置く,史料レベル：E槍垣常基古 | 今雑事記
381,[古代・中世]地震・噴火史料データベース,地震雑纂○狩野文庫,津国丹波播州大和山城近江和泉河内一段甚しくゆる十二三日すこしも間なくゆる後代のためかくのことく書おくもの也,―,津国丹波播州大和山城近江和泉河内,―,―,1596/9/4,慶長1/閏7/12,,余震,,,,0,,史料レベル：E　槍垣常基古 | 今雑事記
382,[古代・中世]地震・噴火史料データベース,藤林年表　鶴城叢書百九十三,一、閏七月十二日夜子刻京都伏見大地震土裂テ水湧出大廈巨宅及民屋倒レ破レ死スル者其数ヲ知ス,―,伏見,―,―,1596/9/4,慶長1/閏7/12,,液状化,"34.936230,135.761447",135.761447,34.93623,2,便宜的に伏見区役所に置く,史料レベル：E
383,[古代・中世]地震・噴火史料データベース,藤林年表　鶴城叢書百九十三,一、閏七月十二日夜子刻京都伏見大地震土裂テ水湧出大廈巨宅及民屋倒レ破レ死スル者其数ヲ知ス,―,伏見,―,―,1596/9/4,慶長1/閏7/12,,建物被害,"34.936230,135.761447",135.761447,34.93623,2,便宜的に伏見区役所に置く,史料レベル：E
384,[古代・中世]地震・噴火史料データベース,藤林年表　鶴城叢書百九十三,一、閏七月十二日夜子刻京都伏見大地震土裂テ水湧出大廈巨宅及民屋倒レ破レ死スル者其数ヲ知ス,―,伏見,―,―,1596/9/4,慶長1/閏7/12,,人的被害,"34.936230,135.761447",135.761447,34.93623,2,便宜的に伏見区役所に置く,史料レベル：E
385,[古代・中世]地震・噴火史料データベース,藤林年表　鶴城叢書百九十三,洛陽大仏殿崩レ仏像モ破壊ス,―,大仏殿,―,―,1596/9/4,慶長1/閏7/12,,建物被害,"34.991455,135.773013",135.773013,34.991455,3,,史料レベル：E
386,[古代・中世]地震・噴火史料データベース,藤林年表　鶴城叢書百九十三,伏見城中殿舎倒レ崩ル女中数多横死ス,―,伏見城,―,―,1596/9/4,慶長1/閏7/12,,建物被害,"34.991455,135.773013",135.773013,34.991455,3,,史料レベル：E
387,[古代・中世]地震・噴火史料データベース,藤林年表　鶴城叢書百九十三,伏見城中殿舎倒レ崩ル女中数多横死ス,―,伏見城,―,―,1596/9/4,慶長1/閏7/12,,人的被害,"34.991455,135.773013",135.773013,34.991455,3,,史料レベル：E
388,[古代・中世]地震・噴火史料データベース,宗国史,是年、閏七月十二日夜、京畿地大震、伏見城殿宇毀壊、圧死数百人、,―,伏見城,―,―,1596/9/4,慶長1/閏7/12,,建物被害,"34.991455,135.773013",135.773013,34.991455,3,,史料レベル：E
389,[古代・中世]地震・噴火史料データベース,豊臣記○続群書類従二十下,東北五畿ノ諸勢雪苦霜辛メ、築立シ伏見ノ城、去年七月十二日ノ大地震ニ顛倒ス。,―,伏見城,―,―,―,―,,建物被害,"34.991455,135.773013",135.773013,34.991455,3,,史料レベル：E
390,[古代・中世]地震・噴火史料データベース,加藤清正伝,清正も小性共も一度に大庭へ走り出ると、則其家ひしとつぶれたり、,―,伏見城,―,―,―,―,,建物被害,"34.991455,135.773013",135.773013,34.991455,3,,史料レベル：E（続撰清正記）三　続　大地震の時の事
391,[古代・中世]地震・噴火史料データベース,仏通禅寺住持記,《丙申歳》｛（慶長元）｝閏七月九日ヨリ十二日マテ大地震ユル少宛ハ八月廿日迄陶也取分洛中之諸館崩裂ス人多死,―,京都（洛中）,―,―,1596/9/1~4,慶長1/閏7/9~12,,建物被害,"35.011633,135.767970",135.76797,35.011633,2,便宜的に京都市役所に置く,史料レベル：E
392,[古代・中世]地震・噴火史料データベース,仏通禅寺住持記,《丙申歳》｛（慶長元）｝閏七月九日ヨリ十二日マテ大地震ユル少宛ハ八月廿日迄陶也取分洛中之諸館崩裂ス人多死,―,京都（洛中）,―,―,1596/9/1~4,慶長1/閏7/9~12,,人的被害,"35.011633,135.767970",135.76797,35.011633,2,便宜的に京都市役所に置く,史料レベル：E
393,[古代・中世]地震・噴火史料データベース,吉川随筆 富山郷土資料叢書　三,閏七月十二日京都大地震東山大仏崩其外寺社民屋破倒人多く死,―,大仏殿,―,―,1596/9/4,慶長1/閏7/12,,建物被害,"34.991455,135.773013",135.773013,34.991455,3,,史料レベル：E
394,[古代・中世]地震・噴火史料データベース,吉川随筆 富山郷土資料叢書　三,閏七月十二日京都大地震東山大仏崩其外寺社民屋破倒人多く死,―,京都,―,―,1596/9/4,慶長1/閏7/12,,建物被害,"35.011633,135.767970",135.76797,35.011633,2,便宜的に京都市役所に置く,史料レベル：E
395,[古代・中世]地震・噴火史料データベース,吉川随筆 富山郷土資料叢書　三,閏七月十二日京都大地震東山大仏崩其外寺社民屋破倒人多く死,―,京都,―,―,1596/9/4,慶長1/閏7/12,,人的被害,"35.011633,135.767970",135.76797,35.011633,2,便宜的に京都市役所に置く,史料レベル：E
396,[古代・中世]地震・噴火史料データベース,吉川随筆 富山郷土資料叢書　三,近江山崩地裂,―,近江,―,―,1596/9/4,慶長1/閏7/12,,地変,"35.017652,135.854681",135.854681,35.017652,1,便宜的に大津市役所に置く,史料レベル：E
397,[古代・中世]地震・噴火史料データベース,清涼寺四拾八夜別時念仏執行等ニ付御公儀御裁許済口之覚,一、慶長二年地震之節諸堂及破壊ニ候付,,清涼寺,―,―,1597,慶長2,,建物被害,"35.024123, 135.674341",135.674341,35.024123,3,,史料レベル：E
398,[古代・中世]地震・噴火史料データベース,仏光寺先規作法記録,四十余年以前慶長元丙申壬七月十二日也、申ノ年大地震にて御影堂・骨堂・仏供所ユリクツシ申候、,―,仏光寺,―,―,1596/9/4,慶長1/閏7/12,,建物被害,"35.000913, 135.762204",135.762204,35.000913,3,,史料レベル：E
399,[古代・中世]地震・噴火史料データベース,万記録　大山崎離宮八幡宮文書,先年　八幡離宮御門上葺開戸保与三左衛門造営之処、去年閏七月十二日大地震に御門破損了,離宮八幡宮,離宮八幡宮,1597/9/12,慶長2/8/1,1596/9/4,慶長1/閏7/12,,建物被害,34.891753、135.679742,,,3,,史料レベル：E、離宮八幡宮文書〔島本町史　史料編〕も同様の記述
400,[古代・中世]地震・噴火史料データベース,万記録　大山崎離宮八幡宮文書,去年潤七月十二日大地震に離宮八幡宮鳥居損申候之処大工新左衛門為奉加取立申者也,離宮八幡宮,離宮八幡宮,1597/10/,慶長2/9/,1596/9/4,慶長1/閏7/12,,建物被害,34.891753、135.679742,,,3,,史料レベル：E、離宮八幡宮文書〔島本町史　史料編〕も同様の記述
401,[古代・中世]地震・噴火史料データベース,万記録　大山崎離宮八幡宮文書,天神八王子拝殿文禄五年丙申潤七月十二日ノ大地震ニ敗壊了、,離宮八幡宮,離宮八幡宮,1599,慶長４,1596/9/4,慶長1/閏7/12,,建物被害,34.891753、135.679742,,,3,,史料レベル：E、離宮八幡宮文書〔島本町史　史料編〕も同様の記述
402,[古代・中世]地震・噴火史料データベース,福祥寺古記録,一文禄五季(丙 | 申)潤七月十二日夜半ノ大地震ニ本堂・三重宝塔・権現地形供ニ蓮池内迄九輪《トヒ》｛（飛）｝候、,須磨寺,須磨寺,―,―,1596/9/4,慶長1/閏7/12,,建物被害,"34.649766, 135.111780",135.11178,34.649766,3,,史料レベル：E
403,[古代・中世]地震・噴火史料データベース,常基雑事記,七月十二日丁丑　夜子刻大地震　京師死四万五千人,―,京都,―,―,,7月12日,,人的被害,"35.011633,135.767970",135.76797,35.011633,2,便宜的に京都市役所に置く,史料レベル：E
404,[古代・中世]地震・噴火史料データベース,総持寺沿革,慶長元年、震災に罹り堂宇悉く潰滅せしが、同六年領主浅野幸長掟書を下付し、翌年梶取に於て寺領八石を寄す。,―,総持寺（和歌山県梶取）,―,―,1596,慶長1,,建物被害,"34.253104, 135.160678",135.160678,34.253104,3,,史料レベル：E
405,[古代・中世]地震・噴火史料データベース,阿淡年表秘録,"七月十二日
城州伏見大地震ニ付公御登城御台所□ニ而
秀吉公江　御目見諸御門震潰候ニ付御番被蒙　仰
此時御槍被為置候御長屋ゆかミ取レ不申ニ付御供ニ罷在候小南加賀右衛門為持候片鎌槍翌日まて御持槍ニ被遊",―,伏見城,―,―,1596/9/4,慶長1/閏7/12,,建物被害,"34.991455,135.773013",135.773013,34.991455,3,,史料レベル：E「徳島県史料」Ｓ３９　徳島県史編さん委員会
406,[古代・中世]地震・噴火史料データベース,讃岐一宮盛衰記,文禄五年《七》｛（ママ）｝月十二日大地震アリ　月ヲ逾テ不止,田村神社（讃岐）,田村神社（讃岐）,―,―,1596/8/5,文禄5/7/12,,余震,"34.286555, 134.027334",134.027334,34.286555,3,,史料レベル：E、田村晴望編述　享保二年二月成立 「香川叢書」Ｓ１４～１８
407,[古代・中世]地震・噴火史料データベース,讃岐一宮盛衰記,文禄五年《七》｛（ママ）｝月十二日大地震アリ　月ヲ逾テ不止　是ニ依テ本社・摂社・末社・塔・仏閣ニ至マテ尽零落ス,田村神社（讃岐）,田村神社（讃岐）,―,―,1596/8/5,文禄5/7/12,,建物被害,"34.286555, 134.027334",134.027334,34.286555,3,,史料レベル：E
408,[古代・中世]地震・噴火史料データベース,小松邑誌　上ノ六,広江村(吉田 | 郷)密林山徳蔵寺 慶長《丙》｛（元）｝申七月大地震、人屋顛倒、,―,徳蔵寺（愛媛）,―,―,1596/8/,慶長1/7/,,建物被害,"33.920299, 133.107961",133.107961,33.920299,3,,史料レベル：E
409,[古代・中世]地震・噴火史料データベース,小松邑誌　上ノ六,"北条村(北条郷、古ハ池田 | 郷ニ属スト云)
鶴岡八幡宮　（中略）文禄《四》｛（五カ）｝《壬辰》｛（丙申カ）｝年閏七月九日、戌刻ノ地震ニ、宮殿宝蔵神器記録ニ至迄、大半顛倒シテ地中ニ陥没ス",―,鶴岡八幡神社（愛媛）,―,―,1596/9/1,文禄5/閏7/9,,建物被害,"33.926690, 133.092314",133.092314,33.92669,3,,史料レベル：E
410,[古代・中世]地震・噴火史料データベース,予松古跡俗談　下道後郷末　伊予郡,慶長元年閏七月、天下大地震の時、本堂二王門また崩るゝよし云伝へぬ,―,日招八幡神社,―,―,1596/9/,慶長1/閏7/,伝聞,建物被害,"33.817367, 132.745486",132.745486,33.817367,3,,史料レベル：E
411,[古代・中世]地震・噴火史料データベース,東寺長者雑記,"閏七月十三日　丑剋大地震　東寺諸伽藍顛倒、可悲々々顛倒伽藍数事
食道　講堂　灌頂院　南大門　北八足門　中門( | 食堂)　四方築地　鐘楼(御影堂 | 前)　湯屋凡此分一時ニ顛倒
無為ノ分
鎮守八幡宮　御影堂( | 但損)　同唐門同四足門( | 但築地ハ崩)　五重塔婆(先年予供養導師懃仕了、然処此塔婆堅 | 固也、高運之至、併大師御納受者哉)灌頂院ノ二方築地同門二宇　蓮花門　慶賀門　宝蔵　凡此分無為",東寺,東寺,―,―,1596/9/5,文禄5/閏7/13,,建物被害,"34.983315,135.746126",135.746126,34.983315,3,,史料レベル：E
412,[古代・中世]地震・噴火史料データベース,東寺長者雑記,今度大地震前代未聞非只事、伏見御城悉破裂、依之別所ニ御普請、諸大名迷惑不如之,東寺,伏見城,―,―,1596/9/5,文禄5/閏7/13,,建物被害,"34.991455,135.773013",135.773013,34.991455,3,,史料レベル：E
413,[古代・中世]地震・噴火史料データベース,親綱卿記（前田育徳会）,十九丑晴此暁地震甚者也夜中両三度斗以外動了,京都,京都（洛中）,1596/9/11,文禄5/閏7/19,1596/9/11,文禄5/閏7/19,,余震,"35.011633,135.767970",135.76797,35.011633,2,便宜的に京都市役所に置く,史料レベル：E、以降同年10月まで余震記録あり（10月18日以下を欠く）
414,[古代・中世]地震・噴火史料データベース,慶長日記増補（静嘉堂文庫）,閏七月十二日ノ夜子ノ刻大地震　土裂ケ水湧出,―,伏見,―,―,1596/9/4,慶長1/閏7/12,,液状化,"34.936230,135.761447",135.761447,34.93623,2,便宜的に伏見区役所に置く,史料レベル：E
415,[古代・中世]地震・噴火史料データベース,慶長日記増補（静嘉堂文庫）,京都伏見諸大名ノ屋宅民家崩レ倒ル圧シ死セル者数知ス,―,伏見城下,―,―,1596/9/4,慶長1/閏7/12,,建物被害,"34.937553,135.769515",135.769515,34.937553,3,,史料レベル：E
416,[古代・中世]地震・噴火史料データベース,慶長日記増補（静嘉堂文庫）,京都伏見諸大名ノ屋宅民家崩レ倒ル圧シ死セル者数知ス,―,伏見城下,―,―,1596/9/4,慶長1/閏7/12,,人的被害,"34.937553,135.769515",135.769515,34.937553,3,,史料レベル：E
417,[古代・中世]地震・噴火史料データベース,慶長日記増補（静嘉堂文庫）,伏見城中の宮室悉ク崩レ　上臈女房七十三人中居下女マテ五百余人横死ス,―,伏見城,―,―,1596/9/4,慶長1/閏7/12,,建物被害,"34.931403,135.772782",135.772782,34.931403,3,,史料レベル：E
418,[古代・中世]地震・噴火史料データベース,慶長日記増補（静嘉堂文庫）,伏見城中の宮室悉ク崩レ　上臈女房七十三人中居下女マテ五百余人横死ス,―,伏見城,―,―,1596/9/4,慶長1/閏7/12,,人的被害,"34.931403,135.772782",135.772782,34.931403,3,,史料レベル：E
419,[古代・中世]地震・噴火史料データベース,慶長日記増補（静嘉堂文庫）,内府公御館ノ門樓倒レテ加々爪隼人正圧レ死ス,―,伏見城下（家康邸）,―,―,1596/9/4,慶長1/閏7/12,,建物被害,"34.937553,135.769515",135.769515,34.937553,3,,史料レベル：E
420,[古代・中世]地震・噴火史料データベース,慶長日記増補（静嘉堂文庫）,内府公御館ノ門樓倒レテ加々爪隼人正圧レ死ス,―,伏見城下（家康邸）,―,―,1596/9/4,慶長1/閏7/12,,人的被害,"34.937553,135.769515",135.769515,34.937553,3,,史料レベル：E
421,[古代・中世]地震・噴火史料データベース,慶長日記増補（静嘉堂文庫）,洛東大佛殿崩レ佛像破壊ス,―,大仏殿,―,―,1596/9/4,慶長1/閏7/12,,建物被害,"34.991455,135.773013",135.773013,34.991455,3,,史料レベル：E
422,[古代・中世]地震・噴火史料データベース,慶長日記増補（静嘉堂文庫）,愛宕山坊舎悉ク顛倒〆家々ノ名物ヲ茶壷此山ニ登セ置ケルニ皆推摧ケテ一時ニ滅却セリ,―,愛宕山,―,―,1596/9/4,慶長1/閏7/12,,建物被害,"35.059996,135.634228",135.634228,35.059996,3,,史料レベル：E
423,[古代・中世]地震・噴火史料データベース,安楽寿院新塔棟札,雖然如是逢天下地震之凶歳、件寶塔一時毀壊、而如築一堆山、堂僧皆驚愕、,―,安楽寿院,1606/6/,慶長11/5/,―,―,,建物被害,"34.952637, 135.754594",135.754594,34.952637,3,,史料レベル：E　〔続古地震―実像と虚像〕(萩原尊礼他著 東京大学出版会)
424,[古代・中世]地震・噴火史料データベース,塔島十三重石塔刻文（拓本）,慶長元年龍集丙申孟秋、爲二大地震一九輪忽零落、,―,興聖寺,1650/9/,慶安3/9/,1596,慶長1,,建物被害,"34.890130, 135.813526",135.813526,34.89013,3,,史料レベル：E（「宇治興聖寺文書第一巻」 ）
425,[古代・中世]地震・噴火史料データベース,南桑田郡誌　北桑田郡誌　船井郡誌,先建立者文應元(庚 | 申)年十月十日仁建立也、慶長元(丙 | 申)年後七月十三日仁地シン仁遊里くつれ候ヲ六ケ村爲氏子慶長八(癸 | 卯)年八月二十四日御棟上仕建立候,―,與能神社,1603/10/15,慶長8/9/11,1596/9/5,慶長1/閏7/13,,建物被害,"34.982674, 135.547186",135.547186,34.982674,3,,史料レベル：E
426,[古代・中世]地震・噴火史料データベース,有馬温泉史料 上巻　兵庫県地震災害史,"慶長元年　丙申
《閏》｛（うるう）｝七月十二日、京畿大地震、有馬ノ湯高湧シ、秀吉ノ新殿大破ス、",有馬ヵ,有馬温泉,―,―,1596/9/4,慶長1/閏7/12,,温泉,"34.796742,135.250569",135.250569,34.796742,3,,史料レベル：E
427,[古代・中世]地震・噴火史料データベース,有馬温泉史料 上巻　兵庫県地震災害史,"慶長元年　丙申
《閏》｛（うるう）｝七月十二日、京畿大地震、有馬ノ湯高湧シ、秀吉ノ新殿大破ス、",有馬ヵ,伏見城,―,―,1596/9/4,慶長1/閏7/12,,建物被害,"34.991455,135.773013",135.773013,34.991455,3,,史料レベル：E
428,[古代・中世]地震・噴火史料データベース,「有馬縁起」（有馬極楽寺蔵）有馬温泉史料 上巻　兵庫県地震災害史,其後文祿五年《丙申》｛（ひのえさる）｝閏七月十二日夜半之大地震、右之御殿〔文祿三年秀吉新殿造営〕大破矣,有馬ヵ,伏見城,―,―,1596/9/4,慶長1/閏7/12,,建物被害,"34.991455,135.773013",135.773013,34.991455,3,,史料レベル：E
429,[古代・中世]地震・噴火史料データベース,「有馬縁起」（有馬極楽寺蔵）有馬温泉史料 上巻　兵庫県地震災害史,其外山河大地変改、,有馬ヵ,,―,―,1596/9/4,慶長1/閏7/12,,地変,,,,ｘ,,史料レベル：E
430,[古代・中世]地震・噴火史料データベース,「有馬縁起」（有馬極楽寺蔵）有馬温泉史料 上巻　兵庫県地震災害史,天下公私之《屋敷》｛（やしき）｝大崩、人多損、,有馬ヵ,,―,―,1596/9/4,慶長1/閏7/12,,建物被害,,,,ｘ,,史料レベル：E
431,[古代・中世]地震・噴火史料データベース,「有馬縁起」（有馬極楽寺蔵）有馬温泉史料 上巻　兵庫県地震災害史,《自其砌》｛（そのみぎりより）｝当山之一二之湯、高湧勝事熱、旅人出入不自由也,有馬ヵ,有馬温泉,―,―,1596/9/4,慶長1/閏7/12,,温泉,"34.796742,135.250569",135.250569,34.796742,3,,史料レベル：E
432,[古代・中世]地震・噴火史料データベース,醍醐寺文書,禁中車寄其外くつれ申候,―,内裏,1596/9/5,慶長1/閏7/13,―,―,,建物被害,"35.022967, 135.759180",135.75918,35.022967,3,,史料レベル：E　□報昭実書状
433,[古代・中世]地震・噴火史料データベース,醍醐寺文書,伏見所々伽藍大破候事,―,伏見,1596/9/5,慶長1/閏7/13,―,―,,建物被害,"34.936230,135.761447",135.761447,34.93623,2,便宜的に伏見区役所に置く,史料レベル：E　□報昭実書状
434,[古代・中世]地震・噴火史料データベース,醍醐寺文書,大仏本尊散々破申候由,―,,1596/9/5,慶長1/閏7/13,―,―,,建物被害,,,,ｘ,方広寺カ,史料レベル：E　□報昭実書状
435,[古代・中世]地震・噴火史料データベース,醍醐寺文書,地震之儀前代未聞為体にて御座候東寺之儀咲止ニ存大仏も中門もくるしからす本尊なとそんし候御供養の儀とも可被成其意候,―,東寺,1596/9/5,慶長1/閏7/13,―,―,,建物被害,"34.983315,135.746126",135.746126,34.983315,3,,史料レベル：E　木食応其書状
436,[古代・中世]地震・噴火史料データベース,醍醐寺文書,猶々随心院なともくつれ申候坊中何も可有御推察候也,―,随心院,1596/9/5,慶長1/閏7/13,―,―,,建物被害,"34.959369, 135.815998",135.815998,34.959369,3,,史料レベル：E　宝厳院空盛書状
437,[古代・中世]地震・噴火史料データベース,醍醐寺文書,大地震にて諸伽藍悉崩申候御影堂鎮守塔計残申候,―,東寺ヵ,1596/9/5,慶長1/閏7/13,―,―,,建物被害,"34.983315,135.746126",135.746126,34.983315,3,,史料レベル：E　宝厳院空盛書状
438,[古代・中世]地震・噴火史料データベース,醍醐寺文書,ちしん申つくしかたきおそろしさ《大り》｛（内裏）｝さまも大かたのところ／＼そこね申候,―,内裏,―,―,―,―,,建物被害,"35.022967, 135.759180",135.75918,35.022967,3,,史料レベル：E
439,[古代・中世]地震・噴火史料データベース,醍醐寺文書,かわらともゆかミこほれたち候,―,内裏,―,―,―,―,,建物被害,"35.022967, 135.759180",135.75918,35.022967,3,,史料レベル：E
440,[古代・中世]地震・噴火史料データベース,京都大学所蔵文書,洛西智福山法輪寺者、（中略）而纔存本堂一殿、其殿亦去文禄之末、為大地震破却、,―,法輪寺,1622,元和8/1/,―,文禄之末,,建物被害,"35.010131, 135.677460",135.67746,35.010131,3,,史料レベル：E
441,[古代・中世]地震・噴火史料データベース,正法寺文書,慶長元季(丙 | 申)此年城ニ震動ス、《十一日》｛（二カ）｝人民死家尽《萠》｛（崩）｝ル然共大閤ノ身ニ何事無シ、,―,京都・伏見,―,―,1596,慶長1,,建物被害,"35.011633,135.767970",135.76797,35.011633,2,便宜的に京都市役所に置く,史料レベル：E
442,[古代・中世]地震・噴火史料データベース,正法寺文書,慶長元季(丙 | 申)此年城ニ震動ス、《十一日》｛（二カ）｝人民死家尽《萠》｛（崩）｝ル然共大閤ノ身ニ何事無シ、,―,京都・伏見,―,―,1596,慶長1,,人的被害,"35.011633,135.767970",135.76797,35.011633,2,便宜的に京都市役所に置く,史料レベル：E
443,[古代・中世]地震・噴火史料データベース,正法寺文書,大仏ヲ建立シテユリクツス,―,大仏殿,―,―,1596,慶長1,,建物被害,"34.991455,135.773013",135.773013,34.991455,3,,史料レベル：E
444,[古代・中世]地震・噴火史料データベース,海行惣載,此地曽在丙申年。地震。擧村五百餘家。沒数傾頽。継以火起。人畜財産焼盡無餘。,―,,1607,慶長12,1596,慶長1,,建物被害,,,,ｘ,,史料レベル：E
445,[古代・中世]地震・噴火史料データベース,常称寺文書,一文録五(丙 | 申)閏七月十二日子時大地震　《総持寺》｛（茨木市総持寺一丁目）｝観音堂破滅,,総持寺（茨木市）,,,1596/9/4,文禄5/閏7/12,,建物被害,"34.829243, 135.581320",135.58132,34.829243,3,,史料レベル：E
446,[古代・中世]地震・噴火史料データベース,摂州有馬湯山古文書〔兵庫県史　史料編　近世四〕,一弐百拾四石弐斗六升　湯の山うへ御殿大《ぢしん》｛（地震）｝ニそこね申候を《つくろい》｛（繕）｝申候入用,,有馬温泉,1599/1/25,慶長3/12/29,―,―,,建物被害,"34.796742,135.250569",135.250569,34.796742,3,,史料レベル：E
447,[古代・中世]地震・噴火史料データベース,十三重石塔納入品○『大和古寺大観』三,一。第十三重目舎利殿一基内ニ仏舎利(大　五　粒 | 小三十八粒)大小合四十三粒。右ハ第十三重目ニ収蔵在之所也。慶長元年七月十二日地震墜落。自其己来経蔵ニ入置候。,―,般若寺,1700/7/9,元禄13/5/23,1596/8/5,慶長1/7/12,,建物被害,"34.700113,135.836420",135.83642,34.700113,3,,史料レベル：E
448,[古代・中世]地震・噴火史料データベース,十三重石塔納入品○『大和古寺大観』三,一。第十二重目。（中略）以上ノ宝物者慶長元年七月十二日地震ニ墜落。自其以来経蔵ニ入置候。,―,般若寺,1700/7/9,元禄13/5/23,1596/8/5,慶長1/7/12,,建物被害,"34.700113,135.836420",135.83642,34.700113,3,,史料レベル：E
